﻿世茂东壹号(别墅),﻿玉山-城东-前进东路233号,﻿121.053740,﻿31.380466,﻿23118,﻿别墅,"﻿多层1.8元/平方米/月,高层2.1",﻿750000m²,﻿6300户,﻿2009年,﻿6300,﻿1.5,﻿40%(高),﻿昆山世茂新发展置业有限公司,﻿上海世茂物业服务有限公司,0,0
﻿花桥世纪城四季花园,﻿花桥-赛格电子城-花安路688号,﻿121.140659,﻿31.295264,﻿14793,﻿暂无数据,﻿1.70元/㎡/月,﻿暂无数据,﻿暂无数据,﻿2015年,﻿暂无数据,﻿4.24,﻿31%(一般),﻿昆山沪昆投资建设管理有限公司,﻿暂无数据,5,9
﻿环湖佳苑c区,﻿巴城-石牌-石金路,﻿120.908388,﻿31.497520,﻿10919,﻿暂无数据,﻿0.60元/㎡/月,﻿暂无数据,﻿暂无数据,﻿2006年,﻿暂无数据,﻿1.7,﻿45%(高),﻿昆山阳澄湖房地产开发 有限公司,﻿昆山名湖物业,1,25
﻿苏凯公寓,﻿玉山-城东-黄浦江中路1777号,﻿121.014092,﻿31.374901,﻿10522,﻿暂无数据,﻿0.00元/㎡/月,﻿暂无数据,﻿暂无数据,﻿暂无数据,﻿暂无数据,﻿暂无数据,﻿暂无数据,﻿暂无数据,﻿暂无数据,0,0
﻿中环广场,﻿花桥-赛格电子城-花安路169号,﻿121.148461,﻿31.289020,﻿11725,﻿暂无数据,﻿0.80元/㎡/月,﻿暂无数据,﻿暂无数据,﻿2009年,﻿暂无数据,﻿4.8,﻿30%(一般),﻿江苏中大地产集团有限公司,﻿中环广场物业,18,50
﻿金色港湾(别墅),﻿玉山-城东-桃花江路181号,﻿120.987555,﻿31.387330,﻿31545,﻿暂无数据,﻿0.00元/㎡/月,﻿暂无数据,﻿暂无数据,﻿暂无数据,﻿暂无数据,﻿暂无数据,﻿暂无数据,﻿暂无数据,﻿暂无数据,2,76
﻿商行新村,"﻿千灯-石浦-宏川路,近兴浦中路",﻿121.044895,﻿31.254693,﻿8454,﻿暂无数据,﻿0.00元/㎡/月,﻿暂无数据,﻿暂无数据,﻿暂无数据,﻿暂无数据,﻿暂无数据,﻿暂无数据,﻿暂无数据,﻿小区自治,0,0
﻿青阳宝岛花园二期(别墅),﻿玉山-城东-桃花江路,﻿120.992898,﻿31.388097,﻿42739,﻿暂无数据,﻿0.00元/㎡/月,﻿暂无数据,﻿暂无数据,﻿暂无数据,﻿暂无数据,﻿暂无数据,﻿暂无数据,﻿暂无数据,﻿暂无数据,0,17
﻿浦园小区(172-173),﻿千灯-石浦-兴浦北路285号,﻿121.059750,﻿31.242017,﻿9493,﻿暂无数据,﻿0.60元/㎡/月,﻿暂无数据,﻿暂无数据,﻿暂无数据,﻿暂无数据,﻿暂无数据,﻿暂无数据,﻿昆山市杭州湾置业有限公司,﻿昆山浦园湾物业管理有限公司,0,0
﻿阳光水世界(别墅),﻿玉山-城东-太湖南路33号,﻿121.042916,﻿31.376586,﻿23813,﻿暂无数据,﻿0.00元/㎡/月,﻿暂无数据,﻿暂无数据,﻿暂无数据,﻿暂无数据,﻿暂无数据,﻿暂无数据,﻿暂无数据,﻿暂无数据,0,27
﻿鑫苑鑫都汇(商住楼),﻿花桥-赛格电子城-泗泾路99号,﻿121.145024,﻿31.297372,﻿12690,﻿暂无数据,﻿4.90元/㎡/月,﻿暂无数据,﻿暂无数据,﻿暂无数据,﻿暂无数据,﻿暂无数据,﻿暂无数据,﻿昆山鑫苑置业有限公司,﻿暂无数据,1,9
﻿阿里巴巴电子大厦,﻿花桥-赛格电子城-花安路171号,﻿121.147068,﻿31.289009,﻿8342,﻿暂无数据,﻿0.00元/㎡/月,﻿暂无数据,﻿暂无数据,﻿暂无数据,﻿暂无数据,﻿暂无数据,﻿暂无数据,﻿暂无数据,﻿暂无数据,9,49
﻿春阳易居,﻿周市-昆山商厦-春晖路,﻿120.951791,﻿31.402194,﻿11838,﻿暂无数据,﻿0.00元/㎡/月,﻿暂无数据,﻿150户,﻿2007年,﻿暂无数据,﻿1.2,﻿35%(一般),﻿暂无数据,﻿无物业,0,1
﻿绿地21城E区别墅,﻿花桥-香榭丽大道-绿地大道圣心西环路6、9、16、17弄,﻿121.099330,﻿31.287390,﻿20443,﻿别墅,﻿暂无数据,﻿暂无数据,﻿暂无数据,﻿暂无数据,﻿暂无数据,﻿暂无数据,﻿暂无数据,﻿暂无数据,﻿暂无数据,0,0
﻿长丰新村,﻿陆家-陆家-陆家浜南路181号,﻿121.048477,﻿31.313119,﻿12918,﻿暂无数据,﻿0.30元/㎡/月,﻿36452m²,﻿400户,﻿2005年,﻿地上停车位,﻿1.2,﻿22%(一般),﻿昆山城建发展有限责任公司,﻿业主自管,2,9
﻿星海花园（别墅）,﻿玉山-城西-马鞍山东路287号,﻿118.341023,﻿31.716194,﻿33076,﻿暂无数据,﻿暂无数据,﻿暂无数据,﻿暂无数据,﻿暂无数据,﻿暂无数据,﻿暂无数据,﻿暂无数据,﻿暂无数据,﻿暂无数据,0,0
﻿中城嘉景庭,﻿花桥-赛格电子城-昆山花桥镇漕浦路188号(胜巷路口),﻿121.137919,﻿31.302313,﻿13972,﻿暂无数据,﻿暂无数据,﻿暂无数据,﻿暂无数据,﻿暂无数据,﻿暂无数据,﻿暂无数据,﻿暂无数据,﻿暂无数据,﻿暂无数据,0,0
﻿新都银座,﻿玉山-老城区-长江南路1233号,﻿120.980199,﻿31.366140,﻿17421,﻿暂无数据,﻿1.20元/㎡/月,﻿32000m²,﻿146户,﻿2007年,﻿地上150元/月,﻿3.8,﻿35%(一般),﻿昆山市新城发展建筑有限公司,﻿昆山新城物业管理有限公司,1,8
﻿爱知国际,﻿花桥-易买得-绿地大道与丹桥路交汇处,﻿121.125795,﻿31.285371,﻿13000,﻿暂无数据,﻿暂无数据,﻿暂无数据,﻿暂无数据,﻿暂无数据,﻿暂无数据,﻿暂无数据,﻿暂无数据,﻿暂无数据,﻿暂无数据,0,0
﻿昆山开发区企业科技园人才公寓,﻿玉山-城东-南滨路,﻿121.007483,﻿31.392221,﻿13500,﻿暂无数据,﻿0.00元/㎡/月,﻿暂无数据,﻿暂无数据,﻿暂无数据,﻿暂无数据,﻿暂无数据,﻿暂无数据,﻿暂无数据,﻿暂无数据,0,0
﻿黄浦花园,﻿玉山-城东-黄浦江路与新浦路交汇处,﻿120.983880,﻿31.403246,﻿12376,﻿普通住宅,﻿暂无数据,﻿75000m²,﻿暂无数据,﻿2010年,﻿暂无数据,﻿暂无数据,﻿42%(高),﻿暂无数据,﻿暂无数据,0,0
﻿建材新村,﻿玉山-城东-昆塔路,﻿120.992159,﻿31.360366,﻿11612,﻿暂无数据,﻿0.50元/㎡/月,﻿暂无数据,﻿暂无数据,﻿暂无数据,﻿暂无数据,﻿暂无数据,﻿暂无数据,﻿暂无数据,﻿小区自治,0,0
﻿御翠湾(A区),﻿千灯-千灯古镇-新苑路,﻿120.958840,﻿31.330745,﻿12210,﻿暂无数据,﻿1.20元/㎡/月,﻿91725m²,﻿792户,﻿2015年,﻿556个（北区99辆，南区457辆,﻿1.2,﻿40%(高),﻿昆山市新颖房产有限公司,﻿昆山新颖房产有限公司,3,53
﻿河滨花园,﻿淀山湖-淀山湖-淀兴路,﻿121.037070,﻿31.180939,﻿12569,﻿暂无数据,﻿0.60元/㎡/月,﻿14954m²,﻿106户,﻿2007年,﻿106,﻿1.66,﻿30%(一般),﻿昆山吉祥置业有限公司,﻿金阳物业管理,0,1
﻿馨逸家园,﻿张浦-张浦-江浦南路,﻿120.925697,﻿31.249521,﻿11709,﻿暂无数据,﻿0.50元/㎡/月,﻿暂无数据,﻿暂无数据,﻿2015年,﻿暂无数据,﻿暂无数据,﻿暂无数据,﻿暂无数据,﻿暂无数据,21,65
﻿GOHO悦城,﻿花桥-易买得-云桥路359号,﻿121.123452,﻿31.293392,﻿13265,﻿暂无数据,﻿3.50元/㎡/月,﻿暂无数据,﻿暂无数据,﻿暂无数据,﻿暂无数据,﻿3.9,﻿35%(一般),﻿昆山广捷置业有限公司,﻿苏州苏房物业有限公司,0,1
﻿美陆佳园桂苑,﻿玉山-城北-恒盛路,﻿120.943777,﻿31.457593,﻿13192,﻿暂无数据,﻿1.60元/㎡/月,﻿65230m²,﻿2200户,﻿2006年,﻿880,﻿1.9,﻿36%(一般),﻿阳澄湖房产,﻿阳澄湖物业,8,52
﻿新城香溢紫郡(商住楼),"﻿玉山-城南-青淞路,近长江南路",﻿120.964185,﻿31.330985,﻿14906,﻿暂无数据,﻿2.00元/㎡/月,﻿暂无数据,﻿暂无数据,﻿2013年,﻿暂无数据,﻿2.2,﻿30%(一般),﻿昆山新城创宏房地产有限公司,﻿江苏新城物业管理有限公司,15,46
﻿鹏轩,﻿玉山-城南-小渡河路,﻿120.961742,﻿31.354625,﻿6265,﻿暂无数据,﻿1.55元/㎡/月,﻿暂无数据,﻿暂无数据,﻿暂无数据,﻿暂无数据,﻿暂无数据,﻿暂无数据,﻿暂无数据,﻿小区自治,0,2
﻿泰和家苑,﻿玉山-城西-前进西路,﻿120.907913,﻿31.381496,﻿21376,﻿暂无数据,﻿0.50元/㎡/月,﻿暂无数据,﻿暂无数据,﻿暂无数据,﻿暂无数据,﻿暂无数据,﻿暂无数据,﻿暂无数据,﻿业主自营,0,0
﻿虹桥花园(别墅),﻿玉山-城西-马鞍山路231号,﻿120.938620,﻿31.384450,﻿28517,﻿暂无数据,﻿0.00元/㎡/月,﻿暂无数据,﻿暂无数据,﻿暂无数据,﻿暂无数据,﻿暂无数据,﻿暂无数据,﻿暂无数据,﻿暂无数据,2,7
﻿风景英伦(别墅),﻿玉山-城西-萧林中路,﻿120.969069,﻿31.403011,﻿26316,﻿暂无数据,﻿0.00元/㎡/月,﻿暂无数据,﻿暂无数据,﻿暂无数据,﻿暂无数据,﻿暂无数据,﻿暂无数据,﻿暂无数据,﻿暂无数据,0,11
﻿和风雅颂(别墅),﻿玉山-城西-博士路99,﻿120.909766,﻿31.401777,﻿28350,﻿暂无数据,﻿1.80元/㎡/月,﻿暂无数据,﻿暂无数据,﻿暂无数据,﻿暂无数据,﻿1.49,﻿41%(高),﻿昆山阳澄湖科技园有限公司,﻿昆山市天合物业管理有限公司,3,18
﻿星海花园南苑(别墅),﻿玉山-城西-前进西路1028号,﻿120.937877,﻿31.381649,﻿37986,﻿暂无数据,﻿0.00元/㎡/月,﻿暂无数据,﻿暂无数据,﻿暂无数据,﻿暂无数据,﻿暂无数据,﻿暂无数据,﻿暂无数据,﻿暂无数据,1,8
﻿星海花园南苑(公寓),﻿玉山-城西-前进西路1028号,﻿120.937877,﻿31.381649,﻿23122,﻿暂无数据,﻿0.00元/㎡/月,﻿暂无数据,﻿暂无数据,﻿暂无数据,﻿暂无数据,﻿暂无数据,﻿暂无数据,﻿暂无数据,﻿业主自营,23,103
﻿斜泾新村,﻿玉山-城西-萧林西路,﻿120.922935,﻿31.405896,﻿10789,﻿暂无数据,﻿0.00元/㎡/月,﻿暂无数据,﻿暂无数据,﻿2002年,﻿暂无数据,﻿暂无数据,﻿暂无数据,﻿暂无数据,﻿暂无数据,0,0
﻿尚林花苑,﻿玉山-城西-金港路16号,﻿120.980737,﻿31.385598,﻿18243,﻿暂无数据,﻿0.00元/㎡/月,﻿暂无数据,﻿暂无数据,﻿暂无数据,﻿暂无数据,﻿暂无数据,﻿暂无数据,﻿常熟市滨江城市建设经营投资有限责任公司,﻿昆山尚林房地产开发有限公司,0,0
﻿听海雅苑,﻿玉山-城东-浏河镇听海路136号,﻿121.260251,﻿31.510076,﻿9375,﻿暂无数据,﻿暂无数据,﻿暂无数据,﻿暂无数据,﻿暂无数据,﻿暂无数据,﻿暂无数据,﻿暂无数据,﻿暂无数据,﻿暂无数据,0,0
﻿天康雅居,﻿玉山-城东-浏河镇郑和北路97号,﻿121.261975,﻿31.503160,﻿7551,﻿暂无数据,﻿暂无数据,﻿暂无数据,﻿暂无数据,﻿暂无数据,﻿暂无数据,﻿暂无数据,﻿暂无数据,﻿暂无数据,﻿暂无数据,0,0
﻿领峰国际,﻿花桥-易买得-玉桥路,﻿121.125795,﻿31.285371,﻿8455,﻿暂无数据,﻿3.50元/㎡/月,﻿暂无数据,﻿暂无数据,﻿2014年,﻿暂无数据,﻿4.8,﻿20%(一般),﻿江苏省华东天工投资有限公司,﻿江苏福田物业管理有限公司,0,0
﻿浦江中心,﻿花桥-易买得-花桥徐公桥路中茵商务楼74-75号,﻿121.125375,﻿31.288187,﻿6292,﻿暂无数据,﻿暂无数据,﻿暂无数据,﻿暂无数据,﻿暂无数据,﻿暂无数据,﻿暂无数据,﻿暂无数据,﻿暂无数据,﻿暂无数据,0,0
﻿新华花园,﻿玉山-城东-璜泾镇浮璜公路与蒋泾塘交汇处,﻿120.980737,﻿31.385598,﻿14942,﻿暂无数据,﻿暂无数据,﻿暂无数据,﻿暂无数据,﻿暂无数据,﻿暂无数据,﻿暂无数据,﻿暂无数据,﻿暂无数据,﻿暂无数据,0,0
﻿东林佳苑,﻿玉山-城东-东林苑八路与东林苑九路交汇处,﻿120.980737,﻿31.385598,﻿6914,﻿暂无数据,﻿暂无数据,﻿暂无数据,﻿暂无数据,﻿暂无数据,﻿暂无数据,﻿暂无数据,﻿暂无数据,﻿暂无数据,﻿暂无数据,0,0
﻿康乐小区,﻿玉山-城东-璜泾镇文昌街2号,﻿121.102409,﻿31.440932,﻿7446,﻿暂无数据,﻿暂无数据,﻿暂无数据,﻿暂无数据,﻿暂无数据,﻿暂无数据,﻿暂无数据,﻿暂无数据,﻿暂无数据,﻿暂无数据,0,0
﻿锦溪花园大东厂园,﻿锦溪-锦溪-普庆路,﻿120.898666,﻿31.179642,﻿11995,﻿公寓,﻿暂无数据,﻿暂无数据,﻿暂无数据,﻿2014年,﻿地面地下停车场,﻿1.52,﻿40%(高),﻿暂无数据,﻿小区自治,38,212
﻿瑞安御景苑,﻿玉山-城东-郑和大街与闸北路交汇处,﻿121.267767,﻿31.510986,﻿8255,﻿暂无数据,﻿暂无数据,﻿暂无数据,﻿暂无数据,﻿暂无数据,﻿暂无数据,﻿暂无数据,﻿暂无数据,﻿暂无数据,﻿暂无数据,0,0
﻿天熙公寓,﻿玉山-城东-郑和大街北侧,﻿120.980737,﻿31.385598,﻿8063,﻿暂无数据,﻿暂无数据,﻿暂无数据,﻿暂无数据,﻿暂无数据,﻿暂无数据,﻿暂无数据,﻿暂无数据,﻿暂无数据,﻿暂无数据,0,0
﻿花园一村,﻿玉山-城东-向阳路与郑和路交汇处,﻿120.980737,﻿31.385598,﻿13565,﻿暂无数据,﻿暂无数据,﻿暂无数据,﻿暂无数据,﻿暂无数据,﻿暂无数据,﻿暂无数据,﻿暂无数据,﻿暂无数据,﻿暂无数据,0,0
﻿高成上海假日,﻿玉山-城东-浏河镇沪太路浏太路交汇处,﻿120.980737,﻿31.385598,﻿8735,﻿暂无数据,﻿暂无数据,﻿暂无数据,﻿暂无数据,﻿暂无数据,﻿暂无数据,﻿暂无数据,﻿暂无数据,﻿暂无数据,﻿暂无数据,0,0
﻿石浦南苑,﻿千灯-石浦-千灯石浦镇中心,﻿121.053335,﻿31.254561,﻿9292,﻿暂无数据,﻿暂无数据,﻿暂无数据,﻿暂无数据,﻿暂无数据,﻿暂无数据,﻿暂无数据,﻿暂无数据,﻿暂无数据,﻿暂无数据,0,0
﻿花都艺墅(别墅),﻿周市-卜蜂莲花-长江北路335号,﻿120.978487,﻿31.413349,﻿30400,﻿暂无数据,﻿0.00元/㎡/月,﻿暂无数据,﻿暂无数据,﻿暂无数据,﻿暂无数据,﻿暂无数据,﻿暂无数据,﻿暂无数据,﻿暂无数据,12,116
﻿华纺易墅上海湾(别墅),﻿淀山湖-淀山湖-湖滨路117号,﻿120.995425,﻿31.189444,﻿18796,﻿暂无数据,﻿2.60元/㎡/月,﻿100000m²,﻿776户,﻿暂无数据,﻿1165,﻿1,﻿40%(高),﻿苏州华纺房地产有限公司,﻿安邦物业管理有限公司,5,351
﻿江南岸,﻿淀山湖-淀山湖-大观园吴江汾湖芦墟经济开发区临湖东路666号,﻿120.889748,﻿31.460460,﻿7600,﻿别墅,﻿3.8元/㎡/月,﻿暂无数据,﻿193户,﻿2012年,﻿自带室内车位1—2个，同时有公共车位,﻿0.29,﻿63%(高),﻿苏州铭基置业有限公司,﻿新加坡物管——狮城怡安物业管理有限公司,0,0
﻿老街新天地,﻿巴城-巴城-景城北路,﻿120.877103,﻿31.458057,﻿10000,﻿别墅,﻿0.60元/平方米·月,﻿4171m²,﻿40户,﻿2011年,﻿21,﻿1.17,﻿40%(高),﻿昆山翠城房地产有限公司,﻿江苏福田物业,0,0
﻿金鹰天地,﻿玉山-老城区-东新街与珠江路交界处,﻿120.974270,﻿31.376567,﻿25462,﻿暂无数据,﻿2.5元/㎡/月,﻿暂无数据,﻿暂无数据,﻿2013年,﻿暂无数据,﻿2.6,﻿35%(一般),﻿昆山金鹰天地置业有限公司,﻿昆山金鹰天地物业有限公司,0,0
﻿长泰淀湖观园(别墅),﻿锦溪-锦溪-锦耀路333号,﻿120.967101,﻿31.165589,﻿20530,﻿暂无数据,﻿4.20元/㎡/月,﻿暂无数据,﻿145户,﻿2013年,﻿150,﻿0.45,﻿50%(高),﻿昆山淀湖观园置业有限公司,﻿上海长宜物业有限公司,0,381
﻿双湖湾别墅,﻿巴城-阳澄湖-湖滨南路560号,﻿120.849354,﻿31.419472,﻿28850,﻿暂无数据,﻿0.00元/㎡/月,﻿1m²,﻿202户,﻿暂无数据,﻿416,﻿0.44,﻿45%(高),﻿昆山景发置业有限责任公司,﻿江苏苏明物业,0,89
﻿光明馨座,﻿花桥-易买得-商祥路699号,﻿121.113291,﻿31.295182,﻿22342,﻿暂无数据,﻿1.80元/㎡/月,﻿暂无数据,﻿暂无数据,﻿暂无数据,﻿暂无数据,﻿2.8,﻿35%(一般),﻿宁沪置业（昆山）有限公司,﻿江苏同城时代物业管理有限公司,0,0
﻿中城花园玉兰苑,﻿花桥-赛格电子城-曹浦路,﻿121.136620,﻿31.291724,﻿12432,﻿暂无数据,﻿2.00元/㎡/月,﻿暂无数据,﻿暂无数据,﻿2013年,﻿暂无数据,﻿1.5,﻿40%(高),﻿昆山融信恺庭房地产开发有限公司,﻿嘉正物业,0,0
﻿华强苑,﻿千灯-石浦-振石路,﻿121.051180,﻿31.255908,﻿10207,﻿暂无数据,﻿0.50元/㎡/月,﻿390000m²,﻿985户,﻿2012年,﻿1:2,﻿2,﻿33%(一般),﻿华强房地产开发有限公司,﻿石浦社区,0,35
﻿中茵中央公馆,﻿千灯-千灯古镇-黄浦江路和严中路交叉口,﻿121.004080,﻿31.259160,﻿6896,﻿普通住宅,﻿暂无数据,﻿暂无数据,﻿暂无数据,﻿暂无数据,﻿暂无数据,﻿暂无数据,﻿暂无数据,﻿暂无数据,﻿暂无数据,0,0
﻿中城花园清竹苑,﻿花桥-赛格电子城-曹浦路,﻿121.136620,﻿31.291724,﻿16509,﻿暂无数据,﻿2.00元/㎡/月,﻿暂无数据,﻿暂无数据,﻿暂无数据,﻿暂无数据,﻿暂无数据,﻿暂无数据,﻿昆山融信恺庭房地产开发有限公司,﻿嘉正物业,0,0
﻿君悦豪庭,﻿玉山-城东-沪宜公路和县府西街交汇处,﻿121.099266,﻿31.443665,﻿16166,﻿暂无数据,﻿暂无数据,﻿暂无数据,﻿暂无数据,﻿暂无数据,﻿暂无数据,﻿暂无数据,﻿暂无数据,﻿暂无数据,﻿暂无数据,0,0
﻿马家地园,﻿玉山-城东-县府西街和长春南路交汇处,﻿126.040592,﻿44.373520,﻿9716,﻿暂无数据,﻿暂无数据,﻿暂无数据,﻿暂无数据,﻿暂无数据,﻿暂无数据,﻿暂无数据,﻿暂无数据,﻿暂无数据,﻿暂无数据,0,0
﻿城市花园,﻿玉山-城东-县府东街12号,﻿120.980737,﻿31.385598,﻿11363,﻿暂无数据,﻿暂无数据,﻿暂无数据,﻿暂无数据,﻿暂无数据,﻿暂无数据,﻿暂无数据,﻿暂无数据,﻿暂无数据,﻿暂无数据,0,0
﻿中央帝景,﻿玉山-城东-县府东街和东仓南路交汇处,﻿121.121713,﻿31.455467,﻿16273,﻿暂无数据,﻿暂无数据,﻿暂无数据,﻿暂无数据,﻿暂无数据,﻿暂无数据,﻿暂无数据,﻿暂无数据,﻿暂无数据,﻿暂无数据,0,0
﻿盛发园,﻿玉山-城东-县府东街和扬州路交汇处,﻿121.124003,﻿31.456583,﻿14615,﻿暂无数据,﻿暂无数据,﻿暂无数据,﻿暂无数据,﻿暂无数据,﻿暂无数据,﻿暂无数据,﻿暂无数据,﻿暂无数据,﻿暂无数据,0,0
﻿北门一村,﻿玉山-城东-县府西街和北门街交汇处,﻿121.103261,﻿31.446650,﻿10885,﻿暂无数据,﻿暂无数据,﻿暂无数据,﻿暂无数据,﻿暂无数据,﻿暂无数据,﻿暂无数据,﻿暂无数据,﻿暂无数据,﻿暂无数据,0,0
﻿玉兰花园,﻿玉山-城东-桃园路与洛阳西路交汇处,﻿112.495525,﻿34.131366,﻿25079,﻿暂无数据,﻿暂无数据,﻿暂无数据,﻿暂无数据,﻿暂无数据,﻿暂无数据,﻿暂无数据,﻿暂无数据,﻿暂无数据,﻿暂无数据,0,0
﻿阳光美地,﻿玉山-城东-通海路与东古路交汇处,﻿121.075479,﻿31.441918,﻿13216,﻿暂无数据,﻿暂无数据,﻿暂无数据,﻿暂无数据,﻿暂无数据,﻿暂无数据,﻿暂无数据,﻿暂无数据,﻿暂无数据,﻿暂无数据,0,0
﻿北门都市会,﻿玉山-城北-北门路,﻿120.947726,﻿31.457579,﻿15789,﻿暂无数据,﻿暂无数据,﻿暂无数据,﻿暂无数据,﻿暂无数据,﻿暂无数据,﻿暂无数据,﻿暂无数据,﻿暂无数据,﻿暂无数据,0,0
﻿武陵街小区,﻿玉山-城东-武陵街和长春弄交汇处,﻿121.106899,﻿31.443314,﻿8333,﻿暂无数据,﻿暂无数据,﻿暂无数据,﻿暂无数据,﻿暂无数据,﻿暂无数据,﻿暂无数据,﻿暂无数据,﻿暂无数据,﻿暂无数据,0,0
﻿善景园,﻿千灯-千灯古镇-景塘路,﻿121.009168,﻿31.251309,﻿12609,﻿暂无数据,﻿0.55元/㎡/月,﻿264410m²,﻿700户,﻿2010年,﻿700,﻿1.45,﻿40%(高),﻿昆山舜鑫房地产开发商_x000D_,﻿江苏爱涛物业管理有限公司,55,323
﻿名湖家园,﻿陆家-陆家-昆山陆家新开河路,﻿121.053042,﻿31.314059,﻿11894,﻿暂无数据,﻿暂无数据,﻿暂无数据,﻿暂无数据,﻿暂无数据,﻿暂无数据,﻿暂无数据,﻿暂无数据,﻿暂无数据,﻿暂无数据,0,0
﻿宫宵花园,﻿花桥-花桥老镇-花园路56号,﻿120.967050,﻿31.398170,﻿11764,﻿暂无数据,﻿0.60元/㎡/月,﻿46500m²,﻿860户,﻿2011年,﻿300,﻿3.2,﻿30%(一般),﻿江苏城市建设,﻿业主自管,0,2
﻿长顺滨江皇冠,"﻿玉山-城西-前进西路,近虹桥路",﻿120.934218,﻿31.380143,﻿26664,﻿暂无数据,﻿2.50元/㎡/月,﻿140000m²,﻿386户,﻿2014年,﻿660,﻿2.3,﻿40%(高),﻿昆山海帝房地产开发有限公司,﻿绿城物业服务集团有限公司,17,119
﻿绿地蓝湾,﻿花桥-香榭丽大道-香榭丽大道,﻿121.104353,﻿31.284895,﻿24444,﻿暂无数据,﻿2.80元/㎡/月,﻿10000m²,﻿38户,﻿2008年,﻿20,﻿0.42,﻿36%(一般),﻿上海绿地集团青浦置业有限公司,﻿上海绿地物业服务有限公司,0,0
﻿亿立广场,﻿玉山-城东-朝阳路与锦州路的交汇处,﻿120.709132,﻿31.714242,﻿10000,﻿普通住宅,﻿暂无数据,﻿暂无数据,﻿暂无数据,﻿暂无数据,﻿暂无数据,﻿暂无数据,﻿暂无数据,﻿暂无数据,﻿暂无数据,0,0
﻿白蚬湖新村,﻿周庄-周庄-大学路,﻿120.843731,﻿31.140660,﻿9019,﻿暂无数据,﻿暂无数据,﻿暂无数据,﻿暂无数据,﻿暂无数据,﻿暂无数据,﻿暂无数据,﻿暂无数据,﻿暂无数据,﻿暂无数据,0,0
﻿喜湖别墅,﻿巴城-阳澄湖-湖滨路108号,﻿120.849754,﻿31.457892,﻿18411,﻿暂无数据,﻿0.00元/㎡/月,﻿暂无数据,﻿暂无数据,﻿暂无数据,﻿暂无数据,﻿暂无数据,﻿暂无数据,﻿暂无数据,﻿暂无数据,0,0
﻿永泰花苑,﻿玉山-老城区-车站路399号,﻿120.976171,﻿31.367893,﻿20215,﻿暂无数据,﻿1.80元/㎡/月,﻿34073m²,﻿231户,﻿2015年,﻿231,﻿3.49,﻿30%(一般),﻿昆山福记置业有限公司,﻿上海友航物业,7,66
﻿凤祥园,﻿巴城-石牌-长江北路1183号,﻿120.987994,﻿31.447521,﻿10630,﻿暂无数据,﻿1.00元/㎡/月,﻿380000m²,﻿3000户,﻿2014年,﻿暂无数据,﻿1.6,﻿35%(一般),﻿昆山阳澄湖房地产开发有限公司,﻿嘉烽物业,21,143
﻿台协大厦,﻿玉山-城东-前进路与太湖路交叉口处,﻿121.035365,﻿31.381305,﻿13888,﻿暂无数据,﻿暂无数据,﻿暂无数据,﻿暂无数据,﻿暂无数据,﻿暂无数据,﻿暂无数据,﻿暂无数据,﻿暂无数据,﻿暂无数据,0,0
﻿东方国际广场(公寓),﻿玉山-城东-前进东路1239号,﻿120.993638,﻿31.383394,﻿18672,﻿暂无数据,﻿2.80元/㎡/月,﻿135235m²,﻿1084户,﻿2010年,﻿721,﻿3.89,﻿30%(一般),﻿昆山中源房地产开发有限公司,﻿香港中泰曼科维尔物业有限公司,89,150
﻿天下一家,﻿玉山-城北-水秀路245号,﻿120.943855,﻿31.396227,﻿20122,﻿暂无数据,﻿0.00元/㎡/月,﻿13000m²,﻿暂无数据,﻿2005年,﻿暂无数据,﻿0.8,﻿40%(高),﻿苏州江南房产开发有限公司_x000D_,﻿上海新湖绿城物业服务有限公司,0,0
﻿三水萧林,﻿玉山-城西-虹祺路1611号,﻿120.921038,﻿31.407587,﻿22761,﻿暂无数据,﻿1.80元/㎡/月,﻿350000m²,﻿2122户,﻿暂无数据,﻿2455,﻿1.8,﻿40%(高),﻿昆山华昌房地产开发有限公司,﻿昆山金侨物业,104,554
﻿盆渎新村,﻿玉山-老城区-朝阳西路202弄,﻿120.953974,﻿31.375661,﻿18301,﻿暂无数据,﻿0.00元/㎡/月,﻿暂无数据,﻿暂无数据,﻿2000年,﻿暂无数据,﻿1.6,﻿40%(高),﻿昆山城市建设投资发展有限公司_x000D_,﻿小区自治,1,0
﻿假日花苑,﻿玉山-老城区-马鞍山路,﻿120.963467,﻿31.391069,﻿26436,﻿暂无数据,﻿1.50元/㎡/月,﻿25529m²,﻿640户,﻿暂无数据,﻿暂无数据,﻿1.6,﻿45%(高),﻿昆山城市建设投资发展有限公司,﻿亭林街道物业管理处,0,3
﻿天居华庭,﻿玉山-城西-前进西路,﻿120.907913,﻿31.381496,﻿27099,﻿暂无数据,﻿1.60元/㎡/月,﻿21532m²,﻿128户,﻿2008年,﻿292,﻿4.3,﻿23%(一般),﻿江苏中原置业有限公司,﻿和城物业,2,14
﻿银都花园,﻿玉山-城北-紫竹路,﻿120.958755,﻿31.406349,﻿16707,﻿暂无数据,﻿0.35元/㎡/月,﻿900m²,﻿255户,﻿2003年,﻿地面停车位,﻿1.1,﻿25%(一般),﻿市政建设,﻿街道管理处,11,6
﻿汉林花园,﻿玉山-城北-汉林路,﻿120.931882,﻿31.274144,﻿15844,﻿暂无数据,﻿0.70元/㎡/月,﻿107000m²,﻿1170户,﻿2006年,﻿160,﻿1.7,﻿35%(一般),﻿昆山城建发展有限责任公司,﻿昆山市天合物业管理有限公司,7,58
﻿黄河路小区,﻿玉山-老城区-黄河路,﻿120.976204,﻿31.378900,﻿8152,﻿普通住宅,﻿暂无数据,﻿暂无数据,﻿800户,﻿暂无数据,﻿暂无数据,﻿暂无数据,﻿41%(高),﻿暂无数据,﻿暂无数据,0,0
﻿君凌花苑,﻿玉山-城北-昆太路,﻿120.968711,﻿31.391278,﻿6766,﻿普通住宅,﻿暂无数据,﻿暂无数据,﻿暂无数据,﻿2010年,﻿暂无数据,﻿暂无数据,﻿暂无数据,﻿暂无数据,﻿暂无数据,0,0
﻿千灯艺墅,﻿千灯-千灯古镇-南湾路故居路交叉口,﻿120.997624,﻿31.262980,﻿13131,﻿暂无数据,﻿暂无数据,﻿暂无数据,﻿暂无数据,﻿暂无数据,﻿暂无数据,﻿暂无数据,﻿暂无数据,﻿暂无数据,﻿暂无数据,0,0
﻿新阳花园,﻿玉山-老城区-新阳街,﻿120.958120,﻿31.378407,﻿25919,﻿暂无数据,﻿0.00元/㎡/月,﻿暂无数据,﻿暂无数据,﻿1999年,﻿地面停车位,﻿1.2,﻿40%(高),﻿昆山城市建设投资发展有限公司,﻿小区自治,4,22
﻿建新园,"﻿花桥-蓬朗-金栗路,蓬莱路",﻿121.096178,﻿31.376762,﻿6188,﻿暂无数据,﻿0.50元/㎡/月,﻿120000m²,﻿暂无数据,﻿2012年,﻿250,﻿1.6,﻿30%(一般),﻿北京佳隆房地产开发有限公司,﻿暂无数据,2,0
﻿甘泉苑,﻿巴城-巴城-古城北路,﻿120.876647,﻿31.417704,﻿10626,﻿暂无数据,﻿1.20元/㎡/月,﻿暂无数据,﻿暂无数据,﻿暂无数据,﻿地面停车位,﻿暂无数据,﻿32%(一般),﻿江苏城市建设,﻿同进物业,1,3
﻿荷塘月色,﻿巴城-阳澄湖-湖滨北路163号,﻿120.849068,﻿31.460647,﻿25554,﻿暂无数据,﻿2.50元/㎡/月,﻿24838m²,﻿74户,﻿2011年,﻿148,﻿0.4,﻿50%(高),﻿昆山市兴华房产发展有限公司,﻿博艺物业,0,55
﻿水岸花园,﻿玉山-城北-萧林路118号,﻿120.971079,﻿31.404397,﻿15711,﻿暂无数据,﻿1.25元/㎡/月,﻿200000m²,﻿1400户,﻿2007年,﻿1400,﻿1.37,﻿40%(高),﻿昆山万方置业有限公司,﻿苏州新康物业管理公司,95,408
﻿湖滨花园,﻿巴城-阳澄湖-马鞍山西路,﻿111.175036,﻿34.766845,﻿14957,﻿暂无数据,﻿0.35元/㎡/月,﻿490000m²,﻿3240户,﻿2009年,﻿3240,﻿1.45,﻿41%(高),﻿昆山阳澄湖房产开发有限责任公司,﻿昆山湖滨物业,30,241
﻿赵厍花园B区,﻿玉山-老城区-明星路,﻿120.926300,﻿31.374840,﻿18048,﻿暂无数据,﻿0.00元/㎡/月,﻿暂无数据,﻿暂无数据,﻿2009年,﻿暂无数据,﻿1.2,﻿36%(一般),﻿江苏城市建设,﻿暂无数据,0,4
﻿碧波苑,﻿巴城-阳澄湖-民权路,﻿120.851948,﻿31.453871,﻿12388,﻿暂无数据,﻿0.50元/㎡/月,﻿97202m²,﻿90户,﻿2009年,﻿111个(31个汽车库，80个自行车库),﻿暂无数据,﻿49%(高),﻿昆山阳澄湖房产有限责任公司,﻿巴城佳丰物业有限公司,0,5
﻿龙潭湖村,﻿巴城-巴城-古城北路,﻿120.876647,﻿31.417704,﻿9130,﻿暂无数据,﻿1.20元/㎡/月,﻿62200m²,﻿680户,﻿2002年,﻿400,﻿1.2,﻿35%(一般),﻿昆山城市建设投资发展有限公司,﻿沈阳华新联美物业有限公司,0,0
﻿年丰新村,﻿巴城-巴城-古城路,﻿120.883518,﻿31.358908,﻿12500,﻿暂无数据,﻿0.50元/㎡/月,﻿27000m²,﻿180户,﻿2006年,﻿180,﻿1.5,﻿42%(高),﻿昆山阳澄湖房产有限责任公司,﻿安阳物业,9,218
﻿昆阳花园,﻿巴城-正仪-环城西路8号,﻿120.846546,﻿31.368310,﻿12588,﻿暂无数据,﻿0.00元/㎡/月,﻿10343m²,﻿90户,﻿2004年,﻿110,﻿1.2,﻿37%(一般),﻿昆山侨鑫房地产发展有限公司,﻿小区自治,0,15
﻿GOHO悦城,﻿花桥-易买得-云桥路359号,﻿121.123452,﻿31.293392,﻿11250,﻿暂无数据,﻿3.50元/㎡/月,﻿101990m²,﻿1330户,﻿暂无数据,﻿615,﻿3.9,﻿35%(一般),﻿昆山广捷置业有限公司,﻿苏州苏房物业有限公司,49,85
﻿晶蓝上城,﻿千灯-千灯新城-黄浦江路,﻿120.963922,﻿31.332333,﻿13222,﻿暂无数据,﻿2.00元/㎡/月,﻿148000m²,﻿1278户,﻿2010年,﻿1085（1：0.9）,﻿2,﻿46%(高),﻿昆山佰诚房地产开发区有限公司,﻿宁骏物业物业管理有限公司,93,626
﻿炎武社区良景园,﻿千灯-千灯古镇-人和路,﻿121.013169,﻿31.249686,﻿10783,﻿暂无数据,﻿0.80元/㎡/月,﻿136000m²,﻿1170户,﻿2009年,﻿166,﻿1.2,﻿41%(高),﻿市政建设,﻿昆山市百顺物业管理有限公司,22,52
﻿浦园,﻿千灯-石浦-兴浦北路285号,﻿121.059750,﻿31.242017,﻿10223,﻿暂无数据,﻿0.60元/㎡/月,﻿335000m²,﻿3000户,﻿2012年,﻿1:1,﻿1.2,﻿45%(高),﻿昆山市杭州湾置业有限公司,﻿上海东方航空物业管理有限公司,36,444
﻿高林水乡花园,﻿周庄-周庄-东坨路2号,﻿120.859153,﻿31.116222,﻿11463,﻿暂无数据,﻿0.30元/㎡/月,﻿24000m²,﻿200户,﻿2006年,﻿200个,﻿1.2,﻿43%(高),﻿昆山双桥房地产,﻿昆山双桥房地产,0,9
﻿鑫港花苑,﻿张浦-南港-震阳路141号,﻿120.885820,﻿31.276111,﻿10140,﻿暂无数据,﻿0.50元/㎡/月,﻿76000m²,﻿暂无数据,﻿1999年,﻿暂无数据,﻿1.5,﻿30%(一般),﻿江苏城市建设,﻿业主自营,2,11
﻿上郡花园,"﻿千灯-千灯古镇-少卿西路,近宏洋路",﻿120.989189,﻿31.270043,﻿10218,﻿暂无数据,﻿1.40元/㎡/月,﻿60000m²,﻿600户,﻿2010年,﻿1：2,﻿1.2,﻿36%(一般),﻿昆山市钢峰房地产有限公司,﻿小区自治,8,130
﻿宝卿花园,﻿千灯-千灯古镇-南湾路,﻿120.998989,﻿31.275352,﻿9899,﻿暂无数据,﻿0.00元/㎡/月,﻿87698m²,﻿882户,﻿暂无数据,﻿880,﻿1.7,﻿40%(高),﻿昆山恒升置业有限公司,﻿小区自治,4,12
﻿锦景园,﻿千灯-千灯古镇-景唐北路,﻿121.008930,﻿31.256980,﻿11286,﻿暂无数据,﻿0.90元/㎡/月,﻿80000m²,﻿1000户,﻿2002年,﻿1000,﻿1.5,﻿40%(高),﻿江苏爱涛房地产开发有限公司,﻿江苏爱涛物业管理有限公司,35,159
﻿果岭上的日子(别墅),﻿巴城-阳澄湖-前进西路,﻿120.851948,﻿31.453871,﻿10000,﻿暂无数据,﻿1.50元/㎡/月,﻿暂无数据,﻿暂无数据,﻿2007年,﻿暂无数据,﻿0.85,﻿45%(高),﻿昆山市经协房屋开发有限公司,﻿昆山市绿洲物业管理有限公司,0,0
﻿千灯尚景苑,"﻿千灯-千灯古镇-尚书路,近恒升路",﻿121.007632,﻿31.258309,﻿10620,﻿暂无数据,﻿3.85元/㎡/月,﻿暂无数据,﻿暂无数据,﻿暂无数据,﻿暂无数据,﻿2,﻿25%(一般),﻿昆山隆泰置业有限公司,﻿昆山元宝,0,6
﻿渔业小区,"﻿周市-周市-周新路,迎周路",﻿120.987121,﻿31.462292,﻿8988,﻿暂无数据,﻿暂无数据,﻿暂无数据,﻿暂无数据,﻿暂无数据,﻿暂无数据,﻿暂无数据,﻿暂无数据,﻿暂无数据,﻿暂无数据,0,0
﻿昆玉九里山庄,﻿玉山-城西-冠军路8号,﻿120.935135,﻿31.390967,﻿33906,﻿暂无数据,﻿0.00元/㎡/月,﻿暂无数据,﻿暂无数据,﻿暂无数据,﻿暂无数据,﻿暂无数据,﻿暂无数据,﻿暂无数据,﻿暂无数据,5,261
﻿赵厍花园A区,﻿玉山-城西-明星路,﻿120.926300,﻿31.374840,﻿19910,﻿暂无数据,﻿0.00元/㎡/月,﻿暂无数据,﻿暂无数据,﻿2009年,﻿暂无数据,﻿1.2,﻿36%(一般),﻿暂无数据,﻿暂无数据,12,50
﻿明鑫凯迪城(商住楼),﻿玉山-城西-虹桥路118号,﻿120.933993,﻿31.378754,﻿24652,﻿暂无数据,﻿1.30元/㎡/月,﻿暂无数据,﻿暂无数据,﻿暂无数据,﻿暂无数据,﻿2.22,﻿41%(高),﻿暂无数据,﻿暂无数据,10,24
﻿万和苑,﻿玉山-城西-生田路,﻿120.980737,﻿31.385598,﻿14950,﻿暂无数据,﻿0.00元/㎡/月,﻿暂无数据,﻿暂无数据,﻿暂无数据,﻿暂无数据,﻿暂无数据,﻿暂无数据,﻿暂无数据,﻿暂无数据,1,10
﻿昆城景苑(二期),﻿玉山-城南-衡山路,﻿120.960523,﻿31.359180,﻿20494,﻿暂无数据,﻿0.00元/㎡/月,﻿暂无数据,﻿暂无数据,﻿暂无数据,﻿暂无数据,﻿暂无数据,﻿暂无数据,﻿暂无数据,﻿暂无数据,25,39
﻿象屿珑公馆(商住楼),﻿玉山-城南-九华山路,﻿120.950558,﻿31.356265,﻿13410,﻿暂无数据,﻿0.00元/㎡/月,﻿暂无数据,﻿暂无数据,﻿2016年,﻿暂无数据,﻿3.5,﻿25%(一般),﻿暂无数据,﻿暂无数据,147,85
﻿印象欧洲(三区),﻿玉山-南星渎-晨丰路,﻿120.862274,﻿31.331694,﻿14901,﻿暂无数据,﻿0.00元/㎡/月,﻿暂无数据,﻿暂无数据,﻿暂无数据,﻿暂无数据,﻿暂无数据,﻿暂无数据,﻿暂无数据,﻿暂无数据,16,243
﻿印象花园,"﻿玉山-南星渎-元丰路,近新城南路",﻿120.866839,﻿31.324217,﻿14654,﻿暂无数据,﻿2.80元/㎡/月,﻿暂无数据,﻿暂无数据,﻿2019年,﻿暂无数据,﻿1.8,﻿40%(高),﻿苏南万科置业有限公司,﻿江苏苏南万科物业服务有限公司,1,9
﻿夏驾园祥苑,﻿玉山-城东-泯江路，近西湖路,﻿121.066172,﻿31.395458,﻿13958,﻿暂无数据,﻿1.50元/㎡/月,﻿暂无数据,﻿暂无数据,﻿2008年,﻿暂无数据,﻿1.2,﻿40%(高),﻿江苏新城房产股份公司,﻿百强物业有限公司,9,203
﻿康乐新村（长春南路与隆福寺弄交叉口）,﻿玉山-城东-长春南路与隆福寺弄交叉口,﻿126.040592,﻿44.373520,﻿7567,﻿公寓,﻿暂无数据,﻿暂无数据,﻿暂无数据,﻿暂无数据,﻿暂无数据,﻿暂无数据,﻿暂无数据,﻿暂无数据,﻿暂无数据,0,0
﻿青江秀韵,﻿玉山-老城区-玉龙路99号,﻿120.973717,﻿31.388438,﻿20873,﻿暂无数据,﻿1.50元/㎡/月,﻿100000m²,﻿128户,﻿2005年,﻿128,﻿1.65,﻿42%(高),﻿昆山华银置业有限公司,﻿东湖物业公司,5,151
﻿丰华园北区,﻿玉山-城东-咸子泾路,﻿120.999639,﻿31.385901,﻿15894,﻿暂无数据,﻿0.00元/㎡/月,﻿230000m²,﻿2718户,﻿2004年,﻿416,﻿1.6,﻿32%(一般),﻿昆山城市建设投资发展有限公司,﻿业主自营,1,19
﻿新苑花园一期,﻿周市-卜蜂莲花-白塘路,﻿120.977574,﻿31.401869,﻿17626,﻿暂无数据,﻿0.00元/㎡/月,﻿95230m²,﻿暂无数据,﻿2008年,﻿地面停车位,﻿1.2,﻿40%(高),﻿暂无数据,﻿小区自治,1,4
﻿绿岛花园城市绿洲,﻿玉山-城西-虹桥路598号,﻿120.931685,﻿31.396136,﻿19746,﻿暂无数据,﻿2.58元/㎡/月,﻿58000m²,﻿436户,﻿暂无数据,﻿1:1,﻿暂无数据,﻿暂无数据,﻿苏州市平江区房地产建设有限公司昆山分公司,﻿森昶物业,15,56
﻿亭林山庄,﻿玉山-老城区-马鞍山东路189号,﻿120.944252,﻿31.386173,﻿30198,﻿暂无数据,﻿0.80元/㎡/月,﻿60000m²,﻿246户,﻿2005年,﻿1：1、1：2,﻿1.2,﻿50%(高),﻿昆山钢峰房地产有限公司,﻿江苏爱涛物业管理有限公司苏州公司,1,101
﻿水木清庭,﻿玉山-城西-花园路与399省道交界处,﻿120.921884,﻿31.400965,﻿36705,﻿别墅,﻿1元/平方米·月,﻿60000m²,﻿194户,﻿2006年,﻿1：1,﻿0.59,﻿44%(高),﻿江苏振华投资发展有限公司,﻿振华物业,0,0
﻿东方丽池,﻿玉山-老城区-庆丰西路298号,﻿120.978101,﻿31.360160,﻿15103,﻿暂无数据,﻿1.20元/㎡/月,﻿82554m²,﻿1064户,﻿2009年,﻿1064,﻿3.48,﻿30%(一般),﻿昆山美发房地产开发有限公司,﻿昆山金港湾物业管理有限公司,233,702
﻿时代中央花园,﻿玉山-城西-前进西路1888号,﻿120.904568,﻿31.382707,﻿28579,﻿暂无数据,﻿1.08元/㎡/月,﻿300000m²,﻿2000户,﻿2007年,﻿2000,﻿2.5,﻿42%(高),﻿昆山时代房地产开发有限公司,﻿时代物业管理公司,123,714
﻿美华东村,﻿玉山-城东-顺帆南路,﻿121.008067,﻿31.375874,﻿15302,﻿暂无数据,﻿1.00元/㎡/月,﻿282200m²,﻿1100户,﻿2000年,﻿410,﻿1.2,﻿30%(一般),﻿新城地产,﻿昆山市青阳物业管理中心,6,194
﻿清水湾,﻿玉山-城西-花园路2813号,﻿120.922862,﻿31.400853,﻿18061,﻿暂无数据,﻿1.40元/㎡/月,﻿103600m²,﻿239户,﻿2016年,﻿地上150元/月,﻿暂无数据,﻿50%(高),﻿上海中星(集团)有限公司,﻿振华物业,3,32
﻿全功路200号小区,﻿周庄-周庄-全功路200号,﻿120.850342,﻿31.116661,﻿6793,﻿暂无数据,﻿0.00元/㎡/月,﻿暂无数据,﻿暂无数据,﻿暂无数据,﻿暂无数据,﻿暂无数据,﻿暂无数据,﻿暂无数据,﻿小区自治,0,2
﻿鑫茂东苑,﻿周市-周市-昆山市周市镇鑫茂路360号,﻿120.976280,﻿31.467251,﻿11739,﻿暂无数据,﻿暂无数据,﻿暂无数据,﻿暂无数据,﻿暂无数据,﻿暂无数据,﻿暂无数据,﻿暂无数据,﻿暂无数据,﻿暂无数据,0,0
﻿沁园,﻿玉山-城北-水秀路1209号,﻿120.944426,﻿31.410706,﻿18910,﻿暂无数据,﻿0.00元/㎡/月,﻿暂无数据,﻿430户,﻿暂无数据,﻿暂无数据,﻿暂无数据,﻿暂无数据,﻿暂无数据,﻿暂无数据,0,0
﻿云谷周庄,﻿周庄-周庄-大桥路,﻿120.849612,﻿31.125264,﻿10689,﻿暂无数据,﻿1.80元/㎡/月,﻿暂无数据,﻿暂无数据,﻿2016年,﻿暂无数据,﻿1.43,﻿40%(高),﻿昆山物物联地产开发有限公司,﻿昆山振华专业管理,4,400
﻿中科高科技基地公寓楼,﻿周庄-周庄-高新路,﻿120.858479,﻿31.132624,﻿11666,﻿暂无数据,﻿0.00元/㎡/月,﻿暂无数据,﻿暂无数据,﻿暂无数据,﻿暂无数据,﻿暂无数据,﻿暂无数据,﻿暂无数据,﻿暂无数据,0,0
﻿兰花园,﻿周庄-周庄-全功路202号,﻿120.850483,﻿31.117079,﻿13586,﻿暂无数据,﻿0.80元/㎡/月,﻿暂无数据,﻿暂无数据,﻿暂无数据,﻿暂无数据,﻿暂无数据,﻿暂无数据,﻿暂无数据,﻿小区自治,0,0
﻿全功路248号小区,﻿周庄-周庄-全功路248号,﻿120.847914,﻿31.116319,﻿7500,﻿暂无数据,﻿0.00元/㎡/月,﻿暂无数据,﻿暂无数据,﻿暂无数据,﻿暂无数据,﻿暂无数据,﻿暂无数据,﻿暂无数据,﻿暂无数据,0,0
﻿望江新村,﻿张浦-南港-震阳路126号,﻿120.885927,﻿31.268418,﻿10278,﻿暂无数据,﻿0.50元/㎡/月,﻿暂无数据,﻿暂无数据,﻿2005年,﻿地面停车场,﻿1.2,﻿40%(高),﻿江苏城市建设,﻿业主自管,2,47
﻿蓬莱家园,﻿花桥-赛格电子城-蓬莱路268号,﻿121.091361,﻿31.377274,﻿11904,﻿暂无数据,﻿0.80元/㎡/月,﻿暂无数据,﻿暂无数据,﻿暂无数据,﻿暂无数据,﻿1.2,﻿36%(一般),﻿暂无数据,﻿暂无数据,0,0
﻿蓬曦园B5区瓦浦新村,"﻿花桥-蓬朗-新星中路,近浣花塘路",﻿121.075376,﻿31.373312,﻿13679,﻿暂无数据,﻿0.30元/㎡/月,﻿暂无数据,﻿暂无数据,﻿2013年,﻿暂无数据,﻿1.1,﻿46%(高),﻿江苏中大建设集团有限公司,﻿暂无数据,4,17
﻿上郡花园(别墅),"﻿千灯-千灯古镇-少卿西路,近宏洋路",﻿120.989189,﻿31.270043,﻿11509,﻿暂无数据,﻿1.40元/㎡/月,﻿暂无数据,﻿暂无数据,﻿2009年,﻿暂无数据,﻿0.7,﻿40%(高),﻿昆山市钢峰房地产有限公司_x000D_,﻿昆山百强物业公司,0,59
﻿恒丰时代广场,﻿千灯-千灯古镇-恒升路262号,﻿121.007820,﻿31.257623,﻿8455,﻿暂无数据,﻿0.00元/㎡/月,﻿暂无数据,﻿暂无数据,﻿暂无数据,﻿暂无数据,﻿暂无数据,﻿暂无数据,﻿暂无数据,﻿暂无数据,4,4
﻿源水美墅,﻿千灯-千灯古镇-尚书路,﻿121.003683,﻿31.265937,﻿10000,﻿暂无数据,﻿1.00元/㎡/月,﻿暂无数据,﻿暂无数据,﻿2007年,﻿暂无数据,﻿0.46,﻿42%(高),﻿昆山银泰置业有限公司,﻿暂无数据,0,0
﻿秦峰广场,﻿千灯-千灯古镇-炎中路，近景唐北路,﻿121.010078,﻿31.257943,﻿9333,﻿暂无数据,﻿暂无数据,﻿暂无数据,﻿暂无数据,﻿暂无数据,﻿暂无数据,﻿暂无数据,﻿暂无数据,﻿昆山泰莱建屋有限公司,﻿暂无数据,3,1
﻿永恒盛东大街小区,﻿花桥-蓬朗-新星路555号,﻿121.081106,﻿31.357223,﻿20000,﻿暂无数据,﻿0.00元/㎡/月,﻿暂无数据,﻿暂无数据,﻿暂无数据,﻿暂无数据,﻿1.4,﻿暂无数据,﻿昆山永恒盛置业有限公司,﻿永恒盛物业有限公司,0,0
﻿水秀江南,﻿玉山-城北-萧林路和水秀路交接处，水秀路向北500米,﻿120.943335,﻿31.416565,﻿18548,﻿普通住宅,﻿2.2元/㎡/月,﻿1148438m²,﻿618户,﻿2014年,﻿681,﻿2,﻿38%(一般),﻿昆山鑫扬房地产开发有限公司,﻿苏州悦华置合物业服务有限公司,0,0
﻿钱隆汇,﻿千灯-千灯古镇-八零一村道,﻿120.848142,﻿31.113981,﻿5500,﻿暂无数据,﻿0.60元/㎡/月,﻿暂无数据,﻿暂无数据,﻿2008年,﻿暂无数据,﻿暂无数据,﻿33%(一般),﻿昆山望山房产开发有限公司_x000D_,﻿暂无数据,0,0
﻿卿峰丽景,﻿千灯-千灯古镇-少卿西路2号,﻿120.995470,﻿31.272727,﻿13333,﻿暂无数据,﻿1.00元/㎡/月,﻿暂无数据,﻿暂无数据,﻿2005年,﻿暂无数据,﻿0.38,﻿55%(高),﻿昆山鑫千灯房地产开发有限公司,﻿深圳市福田物业发展有限公司,0,1
﻿杏花北苑,﻿陆家-陆家-友谊路536号,﻿121.032115,﻿31.315212,﻿14545,﻿暂无数据,﻿0.80元/㎡/月,﻿暂无数据,﻿暂无数据,﻿暂无数据,﻿暂无数据,﻿暂无数据,﻿暂无数据,﻿暂无数据,﻿街道管理,0,2
﻿常发豪郡(北区),"﻿陆家-陆家-星圃路,近星望路",﻿121.072840,﻿31.333987,﻿13515,﻿暂无数据,﻿0.00元/㎡/月,﻿暂无数据,﻿暂无数据,﻿2013年,﻿暂无数据,﻿2,﻿40%(高),﻿暂无数据,﻿暂无数据,55,367
﻿永平花园,﻿周市-客运北站-东辉路,﻿120.623528,﻿31.331285,﻿13929,﻿暂无数据,﻿1.00元/㎡/月,﻿250000m²,﻿2500户,﻿暂无数据,﻿2400,﻿暂无数据,﻿30%(一般),﻿暂无数据,﻿万事达物业,23,241
﻿中城竹源居,﻿花桥-赛格电子城-曹浦路,﻿121.136620,﻿31.291724,﻿15849,﻿暂无数据,﻿0.50元/㎡/月,﻿暂无数据,﻿暂无数据,﻿暂无数据,﻿暂无数据,﻿暂无数据,﻿暂无数据,﻿暂无数据,﻿业主自营,0,3
﻿中城花园御景庭,﻿花桥-赛格电子城-曹浦路125号,﻿121.137281,﻿31.300419,﻿15344,﻿暂无数据,﻿0.50元/㎡/月,﻿暂无数据,﻿暂无数据,﻿暂无数据,﻿暂无数据,﻿暂无数据,﻿暂无数据,﻿暂无数据,﻿业主自营,1,2
﻿象屿西郊御府,"﻿花桥-赛格电子城-曹浦路,近泗泾路",﻿121.142209,﻿31.298009,﻿20913,﻿暂无数据,﻿2.68元/㎡/月,﻿暂无数据,﻿暂无数据,﻿2020年,﻿暂无数据,﻿2.5,﻿40%(高),﻿暂无数据,﻿暂无数据,0,28
﻿中城花园紫竹苑,﻿花桥-赛格电子城-曹浦路188号,﻿121.136910,﻿31.300835,﻿19293,﻿暂无数据,﻿0.00元/㎡/月,﻿暂无数据,﻿暂无数据,﻿暂无数据,﻿暂无数据,﻿暂无数据,﻿暂无数据,﻿暂无数据,﻿暂无数据,1,1
﻿象屿苏河公园,﻿花桥-香榭丽大道-绿地大道1299号,﻿121.105671,﻿31.291281,﻿20571,﻿暂无数据,﻿0.00元/㎡/月,﻿暂无数据,﻿暂无数据,﻿2020年,﻿暂无数据,﻿2.5,﻿44%(高),﻿暂无数据,﻿暂无数据,0,36
﻿绿地21城E区(别墅),﻿花桥-香榭丽大道-塞纳大道,﻿121.097076,﻿31.291273,﻿21000,﻿暂无数据,﻿0.00元/㎡/月,﻿暂无数据,﻿暂无数据,﻿暂无数据,﻿暂无数据,﻿暂无数据,﻿暂无数据,﻿暂无数据,﻿暂无数据,33,119
﻿鑫隆广场,﻿花桥-花桥老镇-花溪路168号,﻿121.092100,﻿31.303480,﻿14526,﻿暂无数据,﻿1.30元/㎡/月,﻿暂无数据,﻿暂无数据,﻿2009年,﻿暂无数据,﻿1.59,﻿暂无数据,﻿苏州金鑫房产开发有限公司昆山分公司,﻿桂花园物业公司,15,3
﻿梅苑里,﻿花桥-花桥老镇-花安路2388,﻿121.094983,﻿31.307577,﻿13065,﻿暂无数据,﻿0.50元/㎡/月,﻿暂无数据,﻿暂无数据,﻿2006年,﻿暂无数据,﻿1.2,﻿暂无数据,﻿昆山金都房地产有限公司,﻿业主自营,1,7
﻿富隆花园居住区,﻿花桥-花桥新城-西环路,﻿121.077683,﻿31.293090,﻿18095,﻿暂无数据,﻿0.80元/㎡/月,﻿暂无数据,﻿暂无数据,﻿暂无数据,﻿暂无数据,﻿暂无数据,﻿暂无数据,﻿昆山特福隆房地产开发有限公司,﻿小区自治,5,10
﻿花桥阳光苑,﻿花桥-花桥老镇-花溪路30弄,﻿121.095862,﻿31.304129,﻿17549,﻿暂无数据,﻿0.20元/㎡/月,﻿暂无数据,﻿暂无数据,﻿2009年,﻿暂无数据,﻿1.42,﻿45%(高),﻿暂无数据,﻿业主自营,0,5
﻿花望小区,﻿花桥-易买得-光明路,﻿121.125795,﻿31.285371,﻿10714,﻿暂无数据,﻿1.20元/㎡/月,﻿暂无数据,﻿暂无数据,﻿2009年,﻿暂无数据,﻿1.3,﻿35%(一般),﻿绿地集团,﻿暂无数据,0,0
﻿溪屿墅,﻿花桥-香榭丽大道-金中路98号,﻿121.081362,﻿31.287286,﻿22888,﻿暂无数据,﻿2.70元/㎡/月,﻿暂无数据,﻿暂无数据,﻿暂无数据,﻿暂无数据,﻿1.95,﻿43%(高),﻿江苏嘉景置业有限公司,﻿河南鑫苑物业管理有限公司昆山分公司,0,0
﻿常发香城湾(别墅),﻿花桥-花桥新城-绿地大道1333号,﻿121.086065,﻿31.293677,﻿21376,﻿暂无数据,﻿0.00元/㎡/月,﻿暂无数据,﻿暂无数据,﻿暂无数据,﻿暂无数据,﻿暂无数据,﻿暂无数据,﻿暂无数据,﻿暂无数据,0,3
﻿国基城邦逸墅,﻿花桥-花桥新城-金中路99号,﻿121.080331,﻿31.285376,﻿17626,﻿暂无数据,﻿2.80元/㎡/月,﻿暂无数据,﻿暂无数据,﻿暂无数据,﻿暂无数据,﻿1.2,﻿40%(高),﻿昆山天泓置业有限公司,﻿上海新驰物业管理有限公司,38,150
﻿碧桂园天悦湾(兴业路30号),﻿玉山-城东-兴业路30号,﻿121.146257,﻿31.474331,﻿9213,﻿暂无数据,﻿暂无数据,﻿暂无数据,﻿暂无数据,﻿暂无数据,﻿暂无数据,﻿暂无数据,﻿暂无数据,﻿暂无数据,﻿暂无数据,0,0
﻿美华西村,﻿玉山-城东-樾河南路943-1号,﻿121.004261,﻿31.377097,﻿15907,﻿暂无数据,﻿1.00元/㎡/月,﻿暂无数据,﻿暂无数据,﻿2008年,﻿暂无数据,﻿1.25,﻿30%(一般),﻿新诚房地产开发有限公司,﻿昆山市青阳物业管理中心,14,92
﻿合丰新村,﻿陆家-合丰-金阳西路,﻿121.002722,﻿31.342385,﻿8584,﻿暂无数据,﻿0.60元/㎡/月,﻿暂无数据,﻿暂无数据,﻿暂无数据,﻿暂无数据,﻿1.2,﻿30%(一般),﻿暂无数据,﻿暂无数据,0,0
﻿佳茂缘小区,﻿陆家-合丰-黄浦江路,﻿121.007279,﻿31.428100,﻿11567,﻿暂无数据,﻿1.60元/㎡/月,﻿暂无数据,﻿暂无数据,﻿2011年,﻿暂无数据,﻿3.13,﻿39%(一般),﻿昆山佳茂缘置业有限公司,﻿昆山名湖物业,1,45
﻿清水佳苑,﻿张浦-张浦-新吴街,﻿120.946446,﻿31.284211,﻿10400,﻿普通住宅,﻿1.20元/平米·月,﻿10440m²,﻿600户,﻿2009年,﻿地面停车位、地下停车库,﻿2.4,﻿39%(一般),﻿暂无数据,﻿暂无数据,0,0
﻿甲壳虫公寓,﻿玉山-城西-前进西路,﻿120.907913,﻿31.381496,﻿25513,﻿暂无数据,﻿3.00元/㎡/月,﻿15267m²,﻿154户,﻿2009年,﻿154,﻿暂无数据,﻿21%(一般),﻿昆山市名仕房产发展有限公司,﻿上海宏华物业,39,51
﻿红杨花园,﻿巴城-巴城-城北西路,﻿120.893057,﻿31.425907,﻿13452,﻿暂无数据,﻿0.80元/㎡/月,﻿400000m²,﻿2000户,﻿2009年,﻿260,﻿1.29,﻿45%(高),﻿昆山阳澄湖房产开发有限责任公司,﻿新龙天宇物业公司,34,403
﻿娄苑路小区,﻿玉山-城北-娄苑路,﻿120.950681,﻿31.395707,﻿14576,﻿暂无数据,﻿0.00元/㎡/月,﻿32500m²,﻿456户,﻿暂无数据,﻿456个,﻿暂无数据,﻿暂无数据,﻿暂无数据,﻿无,2,3
﻿珠江御景花园,﻿玉山-城东-同丰东路288号,﻿121.032411,﻿31.389894,﻿16818,﻿暂无数据,﻿1.90元/㎡/月,﻿620000m²,﻿2972户,﻿2014年,﻿3774,﻿3.6,﻿37%(一般),﻿昆山华敏建设有限公司,﻿康景物业,49,784
﻿红峰新村北区,﻿玉山-老城区-红峰东路,﻿120.944040,﻿31.382146,﻿32527,﻿暂无数据,﻿0.60元/㎡/月,﻿230000m²,﻿1190户,﻿2003年,﻿地面停车位,﻿1.8,﻿32%(一般),﻿昆山城市建设投资发展有限公司,﻿昆山红峰物业公司,12,272
﻿北上海假日广场,﻿玉山-城东-太仓市浏河镇郑和东路37号,﻿121.269584,﻿31.511416,﻿13956,﻿普通住宅,﻿暂无数据,﻿暂无数据,﻿暂无数据,﻿暂无数据,﻿暂无数据,﻿暂无数据,﻿暂无数据,﻿暂无数据,﻿暂无数据,0,0
﻿朝阳东村,﻿玉山-老城区-人民南路97号,﻿120.958113,﻿31.372193,﻿24023,﻿暂无数据,﻿0.00元/㎡/月,﻿暂无数据,﻿暂无数据,﻿2000年,﻿地上车位,﻿1.6,﻿30%(一般),﻿昆山城建发展有限责任公司,﻿小区自治,0,6
﻿宏图国际公寓二期大城小室,"﻿花桥-赛格电子城-泗泾路,近外青松公路",﻿121.142601,﻿31.298017,﻿11818,﻿暂无数据,﻿0.00元/㎡/月,﻿288210m²,﻿1688户,﻿2008年,﻿678,﻿3.65,﻿30%(一般),﻿昆山市中常置业有限公司,﻿华丰物业,25,35
﻿馨悦家园,﻿张浦-张浦-新吴街,﻿120.946446,﻿31.284211,﻿11712,﻿公寓,﻿0.50元/平米/月,﻿暂无数据,﻿暂无数据,﻿暂无数据,﻿暂无数据,﻿1.8,﻿25%(一般),﻿昆山城建发展有限责任公司,﻿暂无数据,7,106
﻿清华园,﻿玉山-城东-桃花江路77号,﻿120.991736,﻿31.388092,﻿28160,﻿暂无数据,﻿2.50元/㎡/月,﻿52360m²,﻿130户,﻿2003年,﻿地面停车位,﻿暂无数据,﻿40%(高),﻿暂无数据,﻿昆山荣御物业管理有限公司,4,37
﻿农房英伦尊邸(别墅),﻿张浦-张浦-商秧路,﻿120.944754,﻿31.272208,﻿17153,﻿暂无数据,﻿0.00元/㎡/月,﻿暂无数据,﻿暂无数据,﻿暂无数据,﻿暂无数据,﻿暂无数据,﻿暂无数据,﻿暂无数据,﻿暂无数据,1,14
﻿森隆蓝波湾(别墅),﻿张浦-张浦-学士路188号,﻿120.937147,﻿31.280398,﻿14285,﻿暂无数据,﻿0.00元/㎡/月,﻿暂无数据,﻿暂无数据,﻿暂无数据,﻿暂无数据,﻿暂无数据,﻿暂无数据,﻿暂无数据,﻿暂无数据,0,0
﻿张浦裕花园(别墅),﻿张浦-张浦-锦上路,﻿120.925537,﻿31.283862,﻿14625,﻿暂无数据,﻿0.00元/㎡/月,﻿暂无数据,﻿暂无数据,﻿暂无数据,﻿暂无数据,﻿暂无数据,﻿暂无数据,﻿暂无数据,﻿暂无数据,8,33
﻿心泊荷花苑,"﻿张浦-张浦-翰林路,近江浦南路",﻿120.931882,﻿31.274144,﻿11599,﻿暂无数据,﻿0.00元/㎡/月,﻿暂无数据,﻿暂无数据,﻿暂无数据,﻿暂无数据,﻿暂无数据,﻿暂无数据,﻿暂无数据,﻿暂无数据,11,45
﻿心泊梅花苑,"﻿张浦-张浦-翰林路,近锦上路",﻿120.926237,﻿31.273962,﻿11852,﻿暂无数据,﻿0.00元/㎡/月,﻿暂无数据,﻿暂无数据,﻿暂无数据,﻿暂无数据,﻿暂无数据,﻿暂无数据,﻿暂无数据,﻿暂无数据,25,157
﻿常发豪郡(南区),﻿陆家-陆家-星圃路233号,﻿121.069100,﻿31.336690,﻿13298,﻿暂无数据,﻿1.80元/㎡/月,﻿600000m²,﻿5631户,﻿2013年,﻿5631,﻿2,﻿40%(高),﻿昆山市海发置业有限公司,﻿南京和谐物业管理有限公司,133,1052
﻿昆山淀山湖,﻿淀山湖-淀山湖-淀山湖镇市中路,﻿120.980737,﻿31.385598,﻿17977,﻿暂无数据,﻿暂无数据,﻿暂无数据,﻿暂无数据,﻿暂无数据,﻿暂无数据,﻿暂无数据,﻿暂无数据,﻿暂无数据,﻿暂无数据,0,0
﻿秦峰星尚,"﻿千灯-千灯古镇-炎中路,近黄浦江路",﻿121.017350,﻿31.257382,﻿8752,﻿暂无数据,﻿1.50元/㎡/月,﻿21700m²,﻿暂无数据,﻿2013年,﻿地面停车位、地下停车库,﻿1.5,﻿40%(高),﻿中茵控股集团有限公司,﻿苏州易亚物业,17,21
﻿横泾新村,﻿周市-昆山商厦-萧林东路,﻿120.951791,﻿31.402194,﻿12068,﻿暂无数据,﻿1.80元/㎡/月,﻿暂无数据,﻿暂无数据,﻿2002年,﻿暂无数据,﻿1,﻿30%(一般),﻿暂无数据,﻿暂无数据,0,0
﻿昆山张浦农行后住宅楼,﻿张浦-张浦-新吴街72号,﻿120.945962,﻿31.284102,﻿9176,﻿暂无数据,﻿暂无数据,﻿暂无数据,﻿暂无数据,﻿暂无数据,﻿暂无数据,﻿暂无数据,﻿暂无数据,﻿暂无数据,﻿暂无数据,0,0
﻿台昆国际商墅,﻿花桥-花桥新城-薜赵路99号,﻿120.963922,﻿31.332333,﻿12683,﻿暂无数据,﻿2.20元/㎡/月,﻿暂无数据,﻿暂无数据,﻿暂无数据,﻿暂无数据,﻿1.04,﻿25%(一般),﻿昆山市台昆置业有限公司,﻿上海采林物业,6,94
﻿花桥兴隆广场,﻿花桥-易买得-花园路,﻿121.125795,﻿31.285371,﻿14942,﻿其它,﻿暂无数据,﻿暂无数据,﻿暂无数据,﻿2002年,﻿地面停车位、地下停车库,﻿1,﻿36%(一般),﻿暂无数据,﻿暂无数据,0,0
﻿卿峰丽景别墅,﻿千灯-千灯古镇-机场路南侧、少卿西路2号,﻿120.995470,﻿31.272727,﻿15398,﻿暂无数据,﻿暂无数据,﻿暂无数据,﻿暂无数据,﻿暂无数据,﻿暂无数据,﻿暂无数据,﻿暂无数据,﻿暂无数据,﻿暂无数据,0,0
﻿富荣花园,"﻿陆家-陆家-富荣路,近友谊路",﻿121.035649,﻿31.315989,﻿13838,﻿公寓,﻿1.00元/平米/月,﻿11700m²,﻿3687户,﻿2009年,﻿暂无数据,﻿1.2,﻿35%(一般),﻿市政建设,﻿惠民物业,19,47
﻿富荣尊苑,﻿陆家-陆家-友谊路,﻿121.026930,﻿31.313711,﻿8638,﻿普通住宅,﻿暂无数据,﻿暂无数据,﻿暂无数据,﻿暂无数据,﻿地面停车场,﻿暂无数据,﻿暂无数据,﻿暂无数据,﻿暂无数据,0,0
﻿香榭丽大道818号,﻿花桥-香榭丽大道-香榭丽大道818号,﻿121.104955,﻿31.288709,﻿10000,﻿暂无数据,﻿暂无数据,﻿暂无数据,﻿暂无数据,﻿暂无数据,﻿暂无数据,﻿暂无数据,﻿暂无数据,﻿暂无数据,﻿暂无数据,0,0
﻿园丁新村,﻿陆家-陆家-南粮路14号,﻿121.037670,﻿31.314286,﻿14146,﻿暂无数据,﻿0.50元/㎡/月,﻿150000m²,﻿1270户,﻿2007年,﻿停车位共500个,﻿1.2,﻿40%(高),﻿昆山舜鑫房地产开发有限公司,﻿苏州市苏房物业管理有限公司,0,0
﻿金旺角大厦,﻿玉山-城东-前进东路时代大厦对面,﻿121.040588,﻿31.385152,﻿8783,﻿暂无数据,﻿暂无数据,﻿暂无数据,﻿暂无数据,﻿暂无数据,﻿暂无数据,﻿暂无数据,﻿暂无数据,﻿暂无数据,﻿暂无数据,0,0
﻿箐华时代,﻿张浦-张浦-学士路,﻿120.938708,﻿31.280959,﻿10604,﻿普通住宅,﻿暂无数据,﻿暂无数据,﻿暂无数据,﻿暂无数据,﻿暂无数据,﻿暂无数据,﻿暂无数据,﻿暂无数据,﻿暂无数据,0,0
﻿阳澄湖庄,﻿巴城-阳澄湖-湖滨中路1598号,﻿120.849359,﻿31.458321,﻿18571,﻿暂无数据,﻿0.77元/㎡/月,﻿暂无数据,﻿暂无数据,﻿2016年,﻿暂无数据,﻿暂无数据,﻿42%(高),﻿暂无数据,﻿暂无数据,0,0
﻿阳澄苏园(别墅),﻿巴城-阳澄湖-学院路,﻿120.843351,﻿31.478005,﻿19849,﻿暂无数据,﻿3.00元/㎡/月,﻿暂无数据,﻿暂无数据,﻿2013年,﻿暂无数据,﻿0.52,﻿36%(一般),﻿昆山通岛置业有限公司,﻿苏州胥口物业管理有限公司,0,0
﻿阳澄溢景苑,﻿巴城-阳澄湖-湖滨南路,﻿120.851948,﻿31.453871,﻿18478,﻿暂无数据,﻿2.35元/㎡/月,﻿暂无数据,﻿暂无数据,﻿2013年,﻿暂无数据,﻿0.8,﻿56%(高),﻿暂无数据,﻿新城物业管理有限公司,0,0
﻿杨林小区,﻿巴城-阳澄湖-巴城湖滨路,﻿120.846701,﻿31.462573,﻿8125,﻿公寓,﻿暂无数据,﻿暂无数据,﻿暂无数据,﻿2006年,﻿暂无数据,﻿1.2,﻿42%(高),﻿市政建设,﻿暂无数据,0,0
﻿天伦随园,﻿巴城-阳澄湖-临湖路999号,﻿120.851948,﻿31.453871,﻿20576,﻿暂无数据,﻿3.50元/㎡/月,﻿暂无数据,﻿暂无数据,﻿2013年,﻿暂无数据,﻿0.32,﻿65%(高),﻿昆山景康房产开发有限公司,﻿苏州天熠物业管理有限公司,0,0
﻿天使湾,﻿巴城-阳澄湖-民权路,﻿120.851948,﻿31.453871,﻿31818,﻿暂无数据,﻿2.80元/㎡/月,﻿暂无数据,﻿暂无数据,﻿2007年,﻿暂无数据,﻿0.59,﻿45%(高),﻿上海易通房地产开发有限公司,﻿易通亚信,0,0
﻿文豪花园,﻿巴城-阳澄湖-湖滨路,﻿120.846701,﻿31.462573,﻿15769,﻿暂无数据,﻿0.00元/㎡/月,﻿暂无数据,﻿暂无数据,﻿暂无数据,﻿暂无数据,﻿暂无数据,﻿暂无数据,﻿暂无数据,﻿暂无数据,0,0
﻿阳澄湖世纪花苑,﻿巴城-阳澄湖-巴解路400弄,﻿120.851531,﻿31.456887,﻿14478,﻿暂无数据,﻿1.50元/㎡/月,﻿暂无数据,﻿暂无数据,﻿2006年,﻿暂无数据,﻿0.3,﻿40%(高),﻿昆山城市建设投资发展有限公司,﻿暂无数据,0,0
﻿熙岸铭郡,﻿千灯-千灯古镇-景塘北路,﻿121.010216,﻿31.257518,﻿16740,﻿暂无数据,﻿2.80元/㎡/月,﻿11604m²,﻿61户,﻿2015年,﻿147,﻿0.6,﻿45%(高),﻿昆山华夏房地产有限公司,﻿昆山华夏物业有限公司,1,72
﻿玫瑰湾,﻿玉山-城东-杨树路,﻿121.028660,﻿31.394940,﻿16795,﻿暂无数据,﻿1.70元/㎡/月,﻿107130m²,﻿1042户,﻿2010年,﻿815,﻿2.5,﻿33%(一般),﻿昆山杉欣房产有限公司,﻿恒隆泰物业,20,288
﻿漾月湾,﻿巴城-阳澄湖-湖滨南路,﻿120.851948,﻿31.453871,﻿7954,﻿暂无数据,﻿1.00元/㎡/月,﻿暂无数据,﻿暂无数据,﻿2004年,﻿暂无数据,﻿0.35,﻿60%(高),﻿江苏曼氏置业有限公司,﻿昆山市亚美物业管理公司,0,0
﻿颐湖园,﻿巴城-阳澄湖-阳澄中路18号,﻿120.851948,﻿31.453871,﻿20612,﻿暂无数据,﻿2.50元/㎡/月,﻿暂无数据,﻿暂无数据,﻿2008年,﻿暂无数据,﻿暂无数据,﻿42%(高),﻿暂无数据,﻿暂无数据,0,0
﻿绿地世纪雅苑,﻿花桥-赛格电子城-外青松公路988号,﻿121.143029,﻿31.305060,﻿16151,﻿暂无数据,﻿1.80元/㎡/月,﻿暂无数据,﻿暂无数据,﻿2014年,﻿暂无数据,﻿2,﻿40%(高),﻿昆山雅苑商业发展有限公司,﻿永绿物业,0,7
﻿福侬庄园(北区),﻿淀山湖-淀山湖-淀兴路,﻿121.037070,﻿31.180939,﻿15836,﻿暂无数据,﻿1.80元/㎡/月,﻿暂无数据,﻿暂无数据,﻿暂无数据,﻿暂无数据,﻿暂无数据,﻿暂无数据,﻿农工商房地产（集团）|昆山福侬置业有限公司,﻿绿城物业,20,63
﻿福运庄园二期,﻿淀山湖-淀山湖-曙光路9号,﻿121.036970,﻿31.177770,﻿19842,﻿暂无数据,﻿1.80元/㎡/月,﻿暂无数据,﻿暂无数据,﻿暂无数据,﻿暂无数据,﻿0.5,﻿47%(高),﻿昆山福运置业发展有限公司,﻿江苏爱涛物业管理有限公司,0,5
﻿珠泾花园,"﻿周市-昆山商厦-金龙路,近黄浦江北路",﻿121.012482,﻿31.400868,﻿16612,﻿暂无数据,﻿1.50元/㎡/月,﻿暂无数据,﻿暂无数据,﻿2011年,﻿暂无数据,﻿1.2,﻿32%(一般),﻿昆山蔚洲房产开发有限公司,﻿暂无数据,1,57
﻿萧林别墅,﻿玉山-城北-同心路,﻿120.964866,﻿31.411716,﻿17692,﻿暂无数据,﻿1.80元/㎡/月,﻿暂无数据,﻿暂无数据,﻿暂无数据,﻿暂无数据,﻿暂无数据,﻿32%(一般),﻿昆山华昌房地产开发有限公司,﻿昆山金侨物业,2,0
﻿花溪路119号小区,﻿花桥-花桥老镇-花溪路119号,﻿121.093681,﻿31.302555,﻿8000,﻿暂无数据,﻿0.00元/㎡/月,﻿暂无数据,﻿暂无数据,﻿暂无数据,﻿暂无数据,﻿暂无数据,﻿暂无数据,﻿暂无数据,﻿小区自治,0,1
﻿花溪路151号小区,﻿花桥-花桥老镇-花溪路151号,﻿121.092120,﻿31.302760,﻿15703,﻿暂无数据,﻿0.00元/㎡/月,﻿暂无数据,﻿暂无数据,﻿暂无数据,﻿暂无数据,﻿暂无数据,﻿暂无数据,﻿暂无数据,﻿小区自治,0,2
﻿淀山河滨花园,﻿淀山湖-淀山湖-淀兴路,﻿121.037070,﻿31.180939,﻿10606,﻿暂无数据,﻿0.60元/㎡/月,﻿暂无数据,﻿暂无数据,﻿2007年,﻿暂无数据,﻿1.66,﻿30%(一般),﻿昆山吉祥置业有限公司,﻿金阳物业管理有限公司,0,0
﻿东湖花园,﻿淀山湖-淀山湖-淀兴路,﻿121.037070,﻿31.180939,﻿12745,﻿暂无数据,﻿1.80元/㎡/月,﻿暂无数据,﻿暂无数据,﻿2005年,﻿暂无数据,﻿暂无数据,﻿54%(高),﻿当地拆迁办,﻿昆山东湖房屋开发有限责任公司,2,9
﻿龙邑小区(别墅),﻿陆家-合丰-春阳路,﻿120.996522,﻿31.343298,﻿11768,﻿暂无数据,﻿0.00元/㎡/月,﻿暂无数据,﻿暂无数据,﻿暂无数据,﻿暂无数据,﻿暂无数据,﻿暂无数据,﻿暂无数据,﻿暂无数据,0,1
﻿浦西玫瑰园,﻿花桥-硅湖学院-光明路18号,﻿121.016732,﻿31.545295,﻿22875,﻿暂无数据,﻿2.87元/㎡/月,﻿暂无数据,﻿暂无数据,﻿2020年,﻿暂无数据,﻿2.5,﻿40%(高),﻿昆山合泰房地产开发有限公司,﻿融创物业服务集团有限公司,0,32
﻿鑫达风和日丽,﻿张浦-南港-震阳路231号,﻿120.886500,﻿31.266920,﻿11986,﻿暂无数据,﻿0.50元/㎡/月,﻿140758m²,﻿1200户,﻿2010年,﻿729,﻿1.5,﻿35%(一般),﻿昆山市鑫达房地产置业有限公司,﻿珠海葆利物业管理有限公司,9,97
﻿阳澄花园,﻿巴城-正仪-君子亭路,﻿120.861813,﻿31.372326,﻿12635,﻿暂无数据,﻿0.60元/㎡/月,﻿65300m²,﻿600户,﻿2001年,﻿300,﻿1.53,﻿30%(一般),﻿承信房地产开发经营有限公司,﻿苏州新区鸿翔物业公司,8,27
﻿金山嘉园,﻿周市-周市-青阳北路99号,﻿120.995694,﻿31.455965,﻿13333,﻿暂无数据,﻿1.20元/㎡/月,﻿暂无数据,﻿暂无数据,﻿2009年,﻿地面停车场、地下停车场,﻿1.8,﻿36%(一般),﻿江苏城市建设,﻿小区物业,0,11
﻿留晖新村,﻿玉山-城北-人民南路,﻿120.956194,﻿31.364133,﻿19142,﻿暂无数据,﻿0.00元/㎡/月,﻿暂无数据,﻿暂无数据,﻿2000年,﻿暂无数据,﻿1.2,﻿30%(一般),﻿暂无数据,﻿暂无数据,0,0
﻿黄浦家园,﻿周市-昆山商厦-金龙路,﻿120.994746,﻿31.402725,﻿16073,﻿暂无数据,﻿1.00元/㎡/月,﻿暂无数据,﻿暂无数据,﻿暂无数据,﻿暂无数据,﻿1.6,﻿42%(高),﻿市政建设,﻿佳乐物业,0,53
﻿淀湖芳华里,﻿淀山湖-淀山湖-新乐路2002号,﻿120.985926,﻿31.192476,﻿16446,﻿暂无数据,﻿3.50元/㎡/月,﻿暂无数据,﻿暂无数据,﻿暂无数据,﻿暂无数据,﻿1.02,﻿40%(高),﻿昆山大唐和筑置业有限公司,﻿浙江绿升物业服务有限公司,0,109
﻿福侬庄园,﻿淀山湖-淀山湖-淀兴路333号,﻿121.041254,﻿31.180203,﻿15744,﻿暂无数据,﻿1.80元/㎡/月,﻿暂无数据,﻿暂无数据,﻿2015年,﻿暂无数据,﻿1.6,﻿43%(高),﻿农工商房地产(集团)昆山福侬置业有限公司,﻿绿城物业,0,0
﻿孝贤坊C区,﻿花桥-香榭丽大道-易买得旁边,﻿121.125033,﻿31.285685,﻿18539,﻿暂无数据,﻿暂无数据,﻿暂无数据,﻿暂无数据,﻿暂无数据,﻿暂无数据,﻿暂无数据,﻿暂无数据,﻿暂无数据,﻿暂无数据,0,0
﻿碧湖苑,﻿陆家-陆家-菉溪路44号,﻿121.046843,﻿31.314007,﻿13129,﻿暂无数据,﻿0.50元/㎡/月,﻿86000m²,﻿880户,﻿2009年,﻿300,﻿1.2,﻿35%(一般),﻿市政建设,﻿业主自治,2,7
﻿东通山弄,﻿玉山-老城区-环城北路,﻿120.955616,﻿31.387941,﻿33366,﻿暂无数据,﻿1.50元/㎡/月,﻿60000m²,﻿80户,﻿1998年,﻿300,﻿1.5,﻿36%(一般),﻿暂无数据,﻿保时洁物业,12,42
﻿少卿东路52号小区,﻿千灯-千灯古镇-少卿东路52号,﻿121.006683,﻿31.267802,﻿8780,﻿暂无数据,﻿0.00元/㎡/月,﻿暂无数据,﻿暂无数据,﻿暂无数据,﻿暂无数据,﻿暂无数据,﻿暂无数据,﻿暂无数据,﻿小区自治,0,0
﻿远东世纪园,﻿周市-昆山商厦-青阳北路1号,﻿120.996332,﻿31.397976,﻿35686,﻿暂无数据,﻿1.50元/㎡/月,﻿暂无数据,﻿暂无数据,﻿2004年,﻿地面停车位,﻿1.2,﻿38%(一般),﻿暂无数据,﻿暂无数据,3,42
﻿莲花苑,﻿张浦-南港-莲花路113号,﻿120.888946,﻿31.276888,﻿7303,﻿暂无数据,﻿0.50元/㎡/月,﻿23000m²,﻿400户,﻿2009年,﻿200,﻿2.1,﻿37%(一般),﻿江苏城市建设,﻿开元物业管理有限公司,0,0
﻿胜巷新村,﻿花桥-赛格电子城-胜巷路180号,﻿121.145935,﻿31.303601,﻿16112,﻿暂无数据,﻿0.60元/㎡/月,﻿暂无数据,﻿暂无数据,﻿2012年,﻿暂无数据,﻿2.35,﻿30%(一般),﻿市政建设,﻿暂无数据,0,0
﻿人民南路69号小区,﻿玉山-老城区-人民南路69号,﻿120.958319,﻿31.370482,﻿20000,﻿暂无数据,﻿0.00元/㎡/月,﻿暂无数据,﻿暂无数据,﻿暂无数据,﻿暂无数据,﻿暂无数据,﻿暂无数据,﻿昆山城建发展有限责任公司,﻿小区自治,0,4
﻿大名城名郡,﻿花桥-赛格电子城-嘉定秦安路27弄（11号线安亭站）,﻿121.155741,﻿31.285926,﻿15294,﻿暂无数据,﻿暂无数据,﻿暂无数据,﻿暂无数据,﻿暂无数据,﻿暂无数据,﻿暂无数据,﻿暂无数据,﻿暂无数据,﻿暂无数据,0,0
﻿锦上御府(公寓),﻿千灯-千灯古镇-宏洋路,﻿120.989189,﻿31.270043,﻿11818,﻿暂无数据,﻿0.80元/㎡/月,﻿暂无数据,﻿暂无数据,﻿2014年,﻿暂无数据,﻿1.2,﻿40%(高),﻿暂无数据,﻿暂无数据,0,0
﻿中航城(商住楼),﻿玉山-城东-前进东路589号,﻿121.027440,﻿31.383192,﻿14637,﻿暂无数据,﻿0.00元/㎡/月,﻿暂无数据,﻿暂无数据,﻿暂无数据,﻿暂无数据,﻿暂无数据,﻿暂无数据,﻿中航地产,﻿中航大北物业管理有限公司,14,53
﻿晨曦北园,"﻿玉山-城东-太湖北路,近同丰路",﻿121.042464,﻿31.388087,﻿13139,﻿暂无数据,﻿0.30元/㎡/月,﻿暂无数据,﻿暂无数据,﻿2005年,﻿暂无数据,﻿1.58,﻿36%(一般),﻿苏州中惠房地产开发有限公司,﻿志远物业物业有限公司,0,0
﻿赛格国际公寓,﻿花桥-赛格电子城-曹新路,﻿121.147634,﻿31.291332,﻿13272,﻿暂无数据,﻿2.00元/㎡/月,﻿暂无数据,﻿暂无数据,﻿2011年,﻿暂无数据,﻿3.86,﻿20%(一般),﻿江苏美通投资有限公司_x000D_,﻿上房物业管理有限公司,0,0
﻿东江花园,﻿千灯-千灯古镇-景唐南路与南浦东路交界处,﻿121.008677,﻿31.247792,﻿9545,﻿普通住宅,"﻿动迁户120,元每年 够买户240元每年",﻿60000m²,﻿1500户,﻿2010年,﻿750,﻿1.76,﻿35%(一般),﻿昆山恒升置业发展有限公司,﻿江苏爱涛物业有限公司,0,0
﻿宏浦西园,﻿千灯-石浦-宏川路,﻿121.044895,﻿31.254693,﻿8893,﻿暂无数据,﻿0.00元/㎡/月,﻿暂无数据,﻿暂无数据,﻿暂无数据,﻿地面停车位,﻿1,﻿40%(高),﻿江苏城市建设,﻿小区自治,1,4
﻿石墩新村,﻿淀山湖-淀山湖-淀兴路911号,﻿121.024674,﻿31.181882,﻿10937,﻿暂无数据,﻿0.50元/㎡/月,﻿暂无数据,﻿暂无数据,﻿暂无数据,﻿暂无数据,﻿暂无数据,﻿暂无数据,﻿昆山城建发展有限责任公司,﻿暂无数据,1,2
﻿万科魅力花园(东区),﻿花桥-花桥新城-金融大道355号,﻿121.078004,﻿31.276681,﻿18616,﻿暂无数据,﻿3.34元/㎡/月,﻿460000m²,﻿4272户,﻿暂无数据,﻿3027,﻿2.5,﻿40%(高),﻿昆山万科房地产有限公司,﻿江苏苏南万科物业服务有限公司,71,1156
﻿首创悦都,﻿玉山-城东-昆嘉路318号,﻿121.066999,﻿31.368809,﻿15712,﻿暂无数据,﻿1.88元/㎡/月,﻿1278476m²,﻿12000户,﻿暂无数据,﻿8416,﻿2.2,﻿40%(高),﻿首创奥莱（昆山）置业有限公司,﻿北京盛世物业服务有限公司,156,2590
﻿中星城际广场鼎苑,﻿玉山-城南-九华山路60号,﻿120.955954,﻿31.354300,﻿20440,﻿暂无数据,﻿2.98元/㎡/月,﻿342826m²,﻿576户,﻿2015年,﻿576,﻿2.8,﻿37%(一般),﻿中星（昆山）城际置业有限公司,﻿上海中星申城物业有限公司,134,421
﻿千灯裕花园(南区),"﻿千灯-千灯新城-汉昆路,近延福路",﻿121.026872,﻿31.251535,﻿12098,﻿暂无数据,﻿1.80元/㎡/月,﻿287925m²,﻿4407户,﻿2016年,﻿4057,﻿2,﻿40%(高),﻿香港建滔化工集团全资附属公司|昆山千灯盛,﻿昆山国瑞物业管理有限公司,63,821
﻿尚千灯,﻿千灯-千灯古镇-景泾路,﻿121.011347,﻿31.252525,﻿10278,﻿暂无数据,﻿2.00元/㎡/月,﻿17700m²,﻿378户,﻿2012年,﻿40,﻿1.6,﻿20%(一般),﻿苏州华轩投资发展有限公司,﻿苏州桂花园林物业,15,51
﻿太仓茂林财富中心,﻿玉山-城东-海麒路与浮璜路交汇处,﻿120.980737,﻿31.385598,﻿12244,﻿暂无数据,﻿暂无数据,﻿暂无数据,﻿暂无数据,﻿暂无数据,﻿暂无数据,﻿暂无数据,﻿暂无数据,﻿暂无数据,﻿暂无数据,0,0
﻿纳帕溪醍,﻿锦溪-锦溪-锦商路66号,﻿120.925170,﻿31.143599,﻿18860,﻿暂无数据,﻿3.80元/㎡/月,﻿100000m²,﻿315户,﻿暂无数据,﻿地上车位数：477个地下车位数：177个车位总数：654个,﻿0.49,﻿41%(高),﻿昆山钟鼎房地产开发有限公司,﻿绿城物业服务集团有限公司,1,37
﻿米筛巷花园,﻿花桥-赛格电子城-三星路，近百家巷路,﻿121.144596,﻿31.293790,﻿16479,﻿暂无数据,﻿0.80元/㎡/月,﻿暂无数据,﻿暂无数据,﻿2014年,﻿暂无数据,﻿1.2,﻿35%(一般),﻿昆山花桥国际商务城置业有限公司,﻿小区物业,21,9
﻿景仓苑,﻿玉山-城东-人民南路和南园西路交汇处,﻿121.113425,﻿31.440439,﻿11461,﻿暂无数据,﻿暂无数据,﻿暂无数据,﻿暂无数据,﻿暂无数据,﻿暂无数据,﻿暂无数据,﻿暂无数据,﻿暂无数据,﻿暂无数据,0,0
﻿桃园新村,﻿玉山-城东-人民北路与弇山路交汇处,﻿121.101846,﻿31.459607,﻿22727,﻿暂无数据,﻿暂无数据,﻿暂无数据,﻿暂无数据,﻿暂无数据,﻿暂无数据,﻿暂无数据,﻿暂无数据,﻿暂无数据,﻿暂无数据,0,0
﻿兆丰99•阳光新生活广场,﻿花桥-赛格电子城-花桥赛格电子兆丰路8号,﻿121.153830,﻿31.286186,﻿14500,﻿暂无数据,﻿暂无数据,﻿暂无数据,﻿暂无数据,﻿暂无数据,﻿暂无数据,﻿暂无数据,﻿暂无数据,﻿暂无数据,﻿暂无数据,1,0
﻿南园新村,﻿玉山-城东-南园东路和体育弄交汇处,﻿121.115340,﻿31.442089,﻿15517,﻿暂无数据,﻿暂无数据,﻿暂无数据,﻿暂无数据,﻿暂无数据,﻿暂无数据,﻿暂无数据,﻿暂无数据,﻿暂无数据,﻿暂无数据,0,0
﻿恒洋花苑,﻿玉山-城东-南门街和南园西路交汇处,﻿121.111111,﻿31.438587,﻿8781,﻿暂无数据,﻿暂无数据,﻿暂无数据,﻿暂无数据,﻿暂无数据,﻿暂无数据,﻿暂无数据,﻿暂无数据,﻿暂无数据,﻿暂无数据,0,0
﻿利民花园,﻿玉山-城东-鹊桥路和书院路交汇处,﻿121.129734,﻿31.422491,﻿8041,﻿暂无数据,﻿暂无数据,﻿暂无数据,﻿暂无数据,﻿暂无数据,﻿暂无数据,﻿暂无数据,﻿暂无数据,﻿暂无数据,﻿暂无数据,0,0
﻿名都花苑,﻿玉山-城东-人民北路和郑和西路交汇处,﻿121.102772,﻿31.452964,﻿12797,﻿暂无数据,﻿暂无数据,﻿暂无数据,﻿暂无数据,﻿暂无数据,﻿暂无数据,﻿暂无数据,﻿暂无数据,﻿暂无数据,﻿暂无数据,0,0
﻿华盛二园,﻿玉山-城东-人民北路和苏州西路交汇处,﻿121.094647,﻿31.463099,﻿11000,﻿暂无数据,﻿暂无数据,﻿暂无数据,﻿暂无数据,﻿暂无数据,﻿暂无数据,﻿暂无数据,﻿暂无数据,﻿暂无数据,﻿暂无数据,0,0
﻿华盛六园,﻿玉山-城东-人民北路和南京西路交汇处,﻿121.095528,﻿31.466766,﻿9839,﻿暂无数据,﻿暂无数据,﻿暂无数据,﻿暂无数据,﻿暂无数据,﻿暂无数据,﻿暂无数据,﻿暂无数据,﻿暂无数据,﻿暂无数据,0,0
﻿彩虹花苑,﻿玉山-城东-人民北路29号,﻿121.097272,﻿31.458223,﻿8544,﻿暂无数据,﻿暂无数据,﻿暂无数据,﻿暂无数据,﻿暂无数据,﻿暂无数据,﻿暂无数据,﻿暂无数据,﻿暂无数据,﻿暂无数据,0,0
﻿秦都酒店公寓,﻿玉山-老城区-人民路153号,﻿120.700268,﻿31.931522,﻿35208,﻿公寓,﻿暂无数据,﻿52400m²,﻿352户,﻿2009年,﻿160,﻿2.1,﻿17%(低),﻿昆山市名仕房产发展有限公司,﻿秦都物业,0,0
﻿晒谷场小区,﻿玉山-老城区-集街路,﻿120.963253,﻿31.378648,﻿24805,﻿暂无数据,﻿0.00元/㎡/月,﻿暂无数据,﻿暂无数据,﻿2000年,﻿地面停车位,﻿1.2,﻿40%(高),﻿昆山城市建设投资发展有限公司_x000D_,﻿小区自治,9,44
﻿金谷园,﻿玉山-老城区-白马泾路,﻿120.942886,﻿31.378027,﻿23288,﻿暂无数据,﻿1.50元/㎡/月,﻿16800m²,﻿1800户,﻿2010年,﻿地面停车位,﻿1.2,﻿20%(一般),﻿城建投资有限公司,﻿乐成物业管理有限公司,4,132
﻿隆祺丽景国际,﻿玉山-城东-前进东路757号,﻿121.012170,﻿31.383710,﻿7893,﻿暂无数据,﻿2.80元/㎡/月,﻿180000m²,﻿833户,﻿2013年,﻿786,﻿4.5,﻿38%(一般),﻿昆山隆祺置业有限公司,﻿山海天物业,102,223
﻿康怡园,﻿玉山-老城区-朝阳中路465号,﻿120.970388,﻿31.370794,﻿16404,﻿暂无数据,﻿0.00元/㎡/月,﻿188950m²,﻿暂无数据,﻿1999年,﻿暂无数据,﻿1.6,﻿35%(一般),﻿暂无数据,﻿望族商城物业,13,3
﻿美丽家园,﻿玉山-老城区-樾阁南街,﻿120.963025,﻿31.382343,﻿9333,﻿暂无数据,﻿暂无数据,﻿暂无数据,﻿暂无数据,﻿暂无数据,﻿暂无数据,﻿暂无数据,﻿暂无数据,﻿暂无数据,﻿暂无数据,0,0
﻿圣地亚哥,﻿玉山-老城区-长江北路399号,﻿120.979628,﻿31.421926,﻿10181,﻿普通住宅,﻿1.20元/平方米·月,﻿105000m²,﻿388户,﻿2005年,﻿地上150元/月,﻿1.52,﻿38%(一般),﻿昆山中安置业有限公司,﻿上海建科物业管理有限公司,0,0
﻿神童花苑,﻿陆家-陆家-光夏路150号,﻿121.038890,﻿31.320818,﻿14092,﻿暂无数据,﻿1.00元/㎡/月,﻿124631m²,﻿暂无数据,﻿2011年,﻿214,﻿1.2,﻿27%(一般),﻿江苏城市建设_x000D_,﻿惠民物业,3,3
﻿格兰新村,﻿玉山-城北-海峰路,﻿120.950271,﻿31.400743,﻿16346,﻿暂无数据,﻿0.80元/㎡/月,﻿7268m²,﻿1200户,﻿2004年,﻿1：1,﻿1.2,﻿20%(一般),﻿昆山凯迪房地产开发有限公司,﻿业主自管,8,71
﻿昆太花园,﻿周市-卜蜂莲花-白塘路38号,﻿120.982903,﻿31.392856,﻿15858,﻿暂无数据,﻿0.00元/㎡/月,﻿5000m²,﻿580户,﻿2002年,﻿地面停车位,﻿2.2,﻿35%(一般),﻿昆山城乐开发商,﻿业主委员会自行成立,4,25
﻿中华园,﻿玉山-城南-衡山路,﻿120.960523,﻿31.359180,﻿14705,﻿暂无数据,﻿0.45元/㎡/月,﻿3864m²,﻿500户,﻿1998年,﻿500,﻿0.65,﻿31%(一般),﻿昆山经济技术开发区出口加区园投资开发公司,﻿昆山市怡园物业,35,152
﻿锦阳苑,﻿玉山-老城区-合兴西路,﻿120.953031,﻿31.369998,﻿20158,﻿暂无数据,﻿0.00元/㎡/月,﻿暂无数据,﻿暂无数据,﻿2003年,﻿600,﻿1.5,﻿45%(高),﻿昆山蔚洲房产开发有限公司,﻿小区自治,25,71
﻿康居新江南,﻿巴城-通澄-苇城南路555号,﻿120.897532,﻿31.386775,﻿29133,﻿暂无数据,﻿0.80元/㎡/月,﻿72196m²,﻿460户,﻿2007年,﻿150,﻿1,﻿47%(高),﻿昆山城市建设投资发展有限公司,﻿昆山乐成物业管理有限公司,66,683
﻿棕榈泉山庄,﻿玉山-老城区-中山路,﻿120.950660,﻿31.385899,﻿23429,﻿暂无数据,﻿0.30元/㎡/月,﻿52000m²,﻿800户,﻿2007年,﻿充足,﻿1.2,﻿40%(高),﻿暂无数据,﻿暂无数据,7,103
﻿星海酒店公寓,﻿玉山-城北-前進西路玉峰大橋,﻿120.938907,﻿31.381077,﻿19565,﻿公寓,﻿暂无数据,﻿暂无数据,﻿500户,﻿2008年,﻿500,﻿暂无数据,﻿41%(高),﻿暂无数据,﻿暂无数据,0,0
﻿风景英伦(公寓),﻿玉山-城西-萧林中路,﻿120.969069,﻿31.403011,﻿22666,﻿暂无数据,﻿1.50元/㎡/月,﻿186928m²,﻿1424户,﻿2010年,﻿1000,﻿1.3,﻿41%(高),﻿昆山新城市置业发展有限公司,﻿绿城物业,148,640
﻿江浦新村(别墅),﻿玉山-城西-万步路500号,﻿120.923710,﻿31.391069,﻿21364,﻿暂无数据,﻿0.60元/㎡/月,﻿18975m²,﻿320户,﻿2006年,﻿地上停车位100元每月,﻿暂无数据,﻿20%(一般),﻿昆山城建发展有限责任公司,﻿街道管理处,2,9
﻿希悦庭公馆,﻿花桥-赛格电子城-曹安公路,﻿121.140533,﻿31.293921,﻿16000,﻿暂无数据,﻿3.00元/㎡/月,﻿暂无数据,﻿暂无数据,﻿2014年,﻿暂无数据,﻿1.42,﻿40%(高),﻿希尔顿建筑有限公司,﻿希尔顿物业,0,0
﻿油田小区,﻿玉山-老城区-东门街和越阁北路交叉口,﻿120.965556,﻿31.380439,﻿12345,﻿暂无数据,﻿暂无数据,﻿暂无数据,﻿暂无数据,﻿暂无数据,﻿暂无数据,﻿暂无数据,﻿暂无数据,﻿暂无数据,﻿暂无数据,0,0
﻿白领国际公寓,﻿周市-万达-横泾路,﻿120.992150,﻿31.413665,﻿17503,﻿暂无数据,﻿1.00元/㎡/月,﻿166609m²,﻿180户,﻿2009年,﻿180,﻿2.6,﻿40%(高),﻿恒田置业有限公司,﻿昆山民湖物业管理有限公司,24,32
﻿君临天下花园,﻿周市-卜蜂莲花-白塘路555号,﻿120.983435,﻿31.406681,﻿18362,﻿暂无数据,﻿1.80元/㎡/月,﻿100000m²,﻿900户,﻿2008年,﻿710,﻿2.2,﻿40%(高),﻿昆山君临天下房产开发有限公司,﻿上海博渊物业管理有限公司昆山分公司,49,312
﻿贵悦公寓酒店,﻿玉山-老城区-前进东路888号,﻿121.008970,﻿31.384833,﻿5094,﻿暂无数据,﻿暂无数据,﻿暂无数据,﻿暂无数据,﻿暂无数据,﻿暂无数据,﻿暂无数据,﻿暂无数据,﻿暂无数据,﻿暂无数据,0,0
﻿名都花园,﻿玉山-城北-水秀路643号,﻿120.943358,﻿31.403465,﻿14351,﻿暂无数据,﻿0.00元/㎡/月,﻿91m²,﻿210户,﻿2005年,﻿暂无数据,﻿1.2,﻿40%(高),﻿昆山莘闵房地产有限公司,﻿昆山莘闵物业管理有限公司,0,15
﻿望族商城小区,﻿周市-卜蜂莲花-春晖路,﻿120.977574,﻿31.401869,﻿14006,﻿暂无数据,﻿0.60元/㎡/月,﻿暂无数据,﻿230户,﻿2007年,﻿暂无数据,﻿2,﻿46%(高),﻿昆山市望族房产开发有限公司,﻿望族商城管理有限公司,1,28
﻿花都艺墅,﻿周市-卜蜂莲花-长江北路335号,﻿120.978487,﻿31.413349,﻿23465,﻿暂无数据,﻿1.80元/㎡/月,﻿340000m²,﻿1500户,﻿2008年,﻿1500,﻿1,﻿50%(高),﻿昆山宝裕房产开发有限公司,﻿珠海葆力物业,69,247
﻿春晖锦苑,﻿周市-昆山商厦-春晖路,﻿120.951791,﻿31.402194,﻿16227,﻿暂无数据,﻿0.80元/㎡/月,﻿100000m²,﻿700户,﻿2005年,﻿287,﻿1.39,﻿40%(高),﻿昆山永大房地产发展有限公司,﻿深圳市福田物业发展有限公司,8,134
﻿大德世家,﻿周市-万达-金浦路388号,﻿120.989266,﻿31.408326,﻿18152,﻿暂无数据,﻿1.50元/㎡/月,﻿218825m²,﻿600户,﻿2013年,﻿1:1,﻿1.7,﻿41%(高),﻿昆山市大德房地产开发有限公司,﻿江苏爱涛物业管理有限公司,142,740
﻿换新小区,"﻿周市-陆扬-迎宾路,近友谊南路",﻿120.951092,﻿31.458730,﻿12602,﻿暂无数据,﻿0.50元/㎡/月,﻿36870m²,﻿320户,﻿2007年,﻿地面停车位,﻿1.5,﻿43%(高),﻿昆山城建发展有限责任公司,﻿业主自管,1,27
﻿美陆佳园菊苑,﻿玉山-城北-恒盛路,﻿120.943777,﻿31.457593,﻿13011,﻿暂无数据,﻿0.00元/㎡/月,﻿暂无数据,﻿暂无数据,﻿暂无数据,﻿暂无数据,﻿暂无数据,﻿暂无数据,﻿昆山阳澄湖房产开发有限责任公司,﻿小区自治,4,110
﻿蒋巷南苑,"﻿陆家-陆家-黄浦江中路,近南江路",﻿121.011047,﻿31.366926,﻿13434,﻿公寓,﻿1.00元/平米/月,﻿74200m²,﻿2120户,﻿2010年,﻿地面停车位,﻿1.1,﻿40%(高),﻿昆山城建发展有限责任公司,﻿业主自管,29,78
﻿富春坊,﻿周庄-周庄-全功路131号,﻿120.853262,﻿31.116384,﻿9759,﻿暂无数据,﻿0.00元/㎡/月,﻿暂无数据,﻿暂无数据,﻿暂无数据,﻿暂无数据,﻿暂无数据,﻿暂无数据,﻿暂无数据,﻿小区自治,0,9
﻿宝成国际,﻿玉山-城北-长江北路与翠薇西路交界之西南角,﻿120.978057,﻿31.416071,﻿10227,﻿普通住宅,﻿1.2元/平米/月,﻿32000m²,﻿280户,﻿2011年,﻿200,﻿2.2,﻿35%(一般),﻿昆山宝成房产开发有限公司,﻿烨德物业有限公司,0,0
﻿淀湖芳华里,﻿锦溪-锦溪-新乐路2002号,﻿120.985926,﻿31.192476,﻿15561,﻿暂无数据,﻿3.50元/㎡/月,﻿暂无数据,﻿暂无数据,﻿暂无数据,﻿暂无数据,﻿1.02,﻿40%(高),﻿昆山大唐和筑置业有限公司,﻿浙江绿升物业服务有限公司,0,17
﻿汉城国际,﻿千灯-千灯新城-南浦东路,﻿120.977808,﻿31.244176,﻿12343,﻿暂无数据,﻿1.50元/㎡/月,﻿171000m²,﻿1472户,﻿2015年,﻿地上150元/月,﻿2,﻿37%(一般),﻿昆山地安房地产开发有限公司,﻿上海锐翔上房物业管理有限公司,93,656
﻿月亮湾,﻿张浦-大市-淞沪中路171号,﻿120.951903,﻿31.229423,﻿10112,﻿暂无数据,﻿1.00元/㎡/月,﻿12309m²,﻿60户,﻿2007年,﻿76（车库）+18（车位）,﻿1.41,﻿40%(高),﻿昆山市城市建设综合开发总公司,﻿新浦物业,0,6
﻿浦西新村,﻿张浦-张浦-商秧路,﻿120.944754,﻿31.272208,﻿10082,﻿暂无数据,﻿0.20元/㎡/月,﻿暂无数据,﻿123户,﻿暂无数据,﻿地面停车位,﻿1.1,﻿35%(一般),﻿市政建设,﻿浦西物业,7,27
﻿秦峰花园二村,﻿千灯-千灯古镇-秦峰北路,﻿121.007026,﻿31.279163,﻿9000,﻿暂无数据,﻿0.50元/㎡/月,﻿暂无数据,﻿暂无数据,﻿2016年,﻿暂无数据,﻿1.2,﻿45%(高),﻿咸阳双峰房地产发有限公司,﻿咸阳双峰房地产发有限公司,1,50
﻿嘉鹿花园(玉山),﻿玉山-老城区-前进西路,﻿120.907913,﻿31.381496,﻿31250,﻿暂无数据,﻿0.00元/㎡/月,﻿10000m²,﻿暂无数据,﻿1998年,﻿地面停车场,﻿1.2,﻿35%(一般),﻿昆山城区房产公司,﻿江苏爱涛物业管理有限公司苏州公司,0,10
﻿顺城名湾,﻿张浦-张浦-翰林路,﻿120.931882,﻿31.274144,﻿12506,﻿暂无数据,﻿1.80元/㎡/月,﻿200000m²,﻿2000户,﻿2013年,﻿1200,﻿1.8,﻿20%(一般),﻿昆山沪成置业有限公司,﻿浙江绿城物业,94,913
﻿银河新都,﻿张浦-张浦-银河路,﻿120.934379,﻿31.263658,﻿12076,﻿暂无数据,﻿1.30元/㎡/月,﻿150000m²,﻿400户,﻿2013年,﻿400,﻿1.63,﻿40%(高),﻿昆山市裕大房地产有限公司,﻿博艺物业,47,430
﻿南城亲水佳苑,﻿张浦-张浦-商秧路,﻿120.944754,﻿31.272208,﻿11860,﻿暂无数据,﻿0.70元/㎡/月,﻿250000m²,﻿1970户,﻿暂无数据,﻿1970,﻿1.42,﻿41%(高),﻿昆山威尔斯投资,﻿博艺物业,43,299
﻿鸿禧山庄,﻿张浦-大市-慈城路299号,﻿120.956833,﻿31.240462,﻿14158,﻿暂无数据,﻿1.50元/㎡/月,﻿43023m²,﻿222户,﻿2007年,﻿222,﻿0.6,﻿48%(高),﻿昆山张浦建设管理所,﻿昆山百强物业管理有限公司,0,137
﻿开心公寓,﻿玉山-城南-熊庄路,﻿120.947855,﻿31.349886,﻿8333,﻿暂无数据,﻿1.55元/㎡/月,﻿30000m²,﻿200户,﻿2007年,﻿地面停车位,﻿1.3,﻿43%(高),﻿市政建设,﻿新世纪房产服务有限公司,1,29
﻿富都新村,﻿张浦-南港-望江路129号,﻿120.888444,﻿31.274363,﻿9775,﻿暂无数据,﻿0.50元/㎡/月,﻿86300m²,﻿600户,﻿2010年,﻿600,﻿1.2,﻿20%(一般),﻿暂无数据,﻿富都物业管理有限公司,1,24
﻿倚林佳园,﻿锦溪-锦溪-锦虬路,﻿120.925959,﻿31.170078,﻿19447,﻿暂无数据,﻿1.80元/㎡/月,﻿154448m²,﻿364户,﻿2016年,﻿364,﻿0.6,﻿49%(高),﻿暂无数据,﻿深圳开元国际,2,112
﻿龙隐水庄,﻿周庄-周庄-大学路66号,﻿120.841928,﻿31.132442,﻿10855,﻿暂无数据,﻿1.10元/㎡/月,﻿64000m²,﻿200户,﻿2010年,﻿200,﻿1.29,﻿40%(高),﻿苏州金科房地产开发有限公司,﻿江苏万润物业管理有限公司,3,203
﻿金邻花园,﻿玉山-城北-昆太路,﻿120.968711,﻿31.391278,﻿14400,﻿暂无数据,﻿暂无数据,﻿暂无数据,﻿暂无数据,﻿暂无数据,﻿暂无数据,﻿暂无数据,﻿暂无数据,﻿暂无数据,﻿暂无数据,0,0
﻿水韵花苑,﻿周庄-周庄-云亭路,﻿120.851970,﻿31.125135,﻿9726,﻿暂无数据,﻿0.60元/㎡/月,﻿44500m²,﻿420户,﻿2009年,﻿1：2（地上150元/月）,﻿1.2,﻿40%(高),﻿昆山杉欣房产开发有限公司_x000D_,﻿江苏爱涛物业管理有限公司,0,115
﻿富村苑,﻿周庄-周庄-全功路,﻿120.847066,﻿31.116113,﻿7608,﻿暂无数据,﻿0.50元/㎡/月,﻿10801m²,﻿280户,﻿2009年,﻿地上150元/月,﻿1.62,﻿35%(一般),﻿昆山名仕房地产有限公司,﻿暂无数据,0,0
﻿假日半岛(别墅),﻿周庄-周庄-全功路,﻿120.847066,﻿31.116113,﻿16883,﻿暂无数据,﻿1.70元/㎡/月,﻿52000m²,﻿120户,﻿2012年,﻿364,﻿0.8,﻿40%(高),﻿昆山假日置业有限公司,﻿昆山市万润物业管理有限公司,0,114
﻿云亭别墅,﻿周庄-周庄-全旺路99号,﻿120.850589,﻿31.125869,﻿11621,﻿暂无数据,﻿1.80元/㎡/月,﻿暂无数据,﻿暂无数据,﻿2010年,﻿暂无数据,﻿暂无数据,﻿暂无数据,﻿暂无数据,﻿暂无数据,0,0
﻿盛世明珠园,﻿周庄-周庄-淀南路509号,﻿120.839609,﻿31.126724,﻿7412,﻿暂无数据,﻿2.20元/㎡/月,﻿70000m²,﻿500户,﻿2005年,﻿300,﻿0.9,﻿45%(高),﻿美墅房地产开发有限公司_x000D_,﻿江苏万润物业管理有限公司,0,116
﻿百乐门国际广场,﻿玉山-城西-前进路与鹿城路交叉口,﻿120.930236,﻿31.381630,﻿7844,﻿普通住宅,﻿暂无数据,﻿155700m²,﻿暂无数据,﻿暂无数据,﻿按1：1配车位,﻿3.43,﻿23%(一般),﻿昆山百乐门房地产开发有限公司,﻿暂无数据,0,0
﻿龙溪新村,﻿陆家-陆家-童泾南路,﻿121.046160,﻿31.308587,﻿10229,﻿暂无数据,﻿0.50元/㎡/月,﻿暂无数据,﻿暂无数据,﻿1991年,﻿暂无数据,﻿暂无数据,﻿暂无数据,﻿苏州沧浪建设开发有限公司,﻿业主自治,0,0
﻿园明新村,﻿玉山-城南-庆丰路与黑龙江路,﻿120.982485,﻿31.380534,﻿11538,﻿暂无数据,﻿暂无数据,﻿暂无数据,﻿暂无数据,﻿暂无数据,﻿暂无数据,﻿暂无数据,﻿暂无数据,﻿暂无数据,﻿暂无数据,0,0
﻿嘉鹿花园(张浦),﻿张浦-南港-震阳路,﻿120.885602,﻿31.277215,﻿10182,﻿暂无数据,﻿0.00元/㎡/月,﻿暂无数据,﻿暂无数据,﻿暂无数据,﻿暂无数据,﻿暂无数据,﻿暂无数据,﻿暂无数据,﻿无物业,1,57
﻿中南世纪城,﻿玉山-城东-太湖北路199号,﻿121.036506,﻿31.396100,﻿16539,﻿暂无数据,﻿2.46元/㎡/月,﻿1040000m²,﻿7448户,﻿2018年,﻿6354,﻿2.5,﻿30%(一般),﻿昆山中南世纪城房地产开发有限公司,﻿中南物业,294,2291
﻿丽景花园,﻿玉山-老城区-前进中路,﻿120.973183,﻿31.383135,﻿16526,﻿暂无数据,﻿1.50元/㎡/月,﻿74855m²,﻿780户,﻿2005年,﻿650,﻿1.2,﻿38%(一般),﻿南通华新建工集团有限公司,﻿丽景物业,3,23
﻿亭林新村,﻿玉山-老城区-西塘街下塘33号,﻿120.952548,﻿31.385502,﻿31773,﻿暂无数据,﻿0.50元/㎡/月,﻿45721m²,﻿450户,﻿2010年,﻿若干个,﻿2.3,﻿暂无数据,﻿昆山城建发展有限责任公司,﻿昆山物业公司,6,109
﻿常发香城名园,﻿玉山-城南-中华园路1558号,﻿120.950529,﻿31.360046,﻿17507,﻿公寓,﻿0.80元/平米/月,﻿120000m²,﻿800户,﻿2006年,﻿300,﻿1.66,﻿40%(高),﻿昆山市海发置业有限公司,﻿江苏常福物业管理公司,57,243
﻿绿洲家园,﻿玉山-老城区-长江中路179号,﻿120.980468,﻿31.374374,﻿17241,﻿暂无数据,﻿1.20元/㎡/月,﻿86000m²,﻿880户,﻿2009年,﻿880,﻿1.3,﻿40%(高),﻿昆山房地产开发有限公司,﻿君安物业,19,50
﻿朝阳广场,﻿玉山-老城区-朝阳西路,﻿120.961727,﻿31.373918,﻿22798,﻿暂无数据,﻿1.60元/㎡/月,﻿25884m²,﻿460户,﻿2009年,﻿150左右,﻿2.5,﻿30%(一般),﻿昆山君鸿开发有限公司,﻿小区自治,20,94
﻿汇杰雅苑,﻿玉山-城南-衡山路,﻿120.960523,﻿31.359180,﻿17241,﻿暂无数据,﻿1.40元/㎡/月,﻿54807m²,﻿392户,﻿2016年,﻿296,﻿2.34,﻿40%(高),﻿昆山丰源房地产有限公司,﻿苏州易亚物业,73,195
﻿滨江花园,﻿玉山-城北-汉林路,﻿120.931882,﻿31.274144,﻿18361,﻿暂无数据,﻿1.00元/㎡/月,﻿9800m²,﻿850户,﻿2012年,﻿120,﻿1.5,﻿40%(高),﻿深圳鹏基物业,﻿昆山市绿城物业管理有限公司,6,218
﻿火炬新村,﻿玉山-城北-北门路,﻿120.947726,﻿31.457579,﻿15569,﻿暂无数据,﻿0.30元/㎡/月,﻿4600m²,﻿500户,﻿2000年,﻿1：0.5,﻿0.54,﻿40%(高),﻿昆山中贸房地产开发有限公司,﻿万宝物业有限公司,43,176
﻿新城丽园,﻿玉山-老城区-庆丰路,﻿121.000230,﻿31.354490,﻿15455,﻿暂无数据,﻿1.50元/㎡/月,﻿54600m²,﻿460户,﻿2005年,﻿460,﻿1.43,﻿42%(高),﻿昆山市体育房地产有限公司,﻿昆山烨德物业服务有限公司,4,125
﻿好旺角,﻿陆家-陆家-童泾路,﻿121.043716,﻿31.313723,﻿12000,﻿暂无数据,﻿1.20元/㎡/月,﻿暂无数据,﻿暂无数据,﻿2008年,﻿暂无数据,﻿1.47,﻿31%(一般),﻿暂无数据,﻿上海上湖酒店管理有限公司,0,0
﻿华城美地(别墅),﻿周市-周市-长江北路999号,﻿120.966281,﻿31.462686,﻿20633,﻿暂无数据,﻿0.00元/㎡/月,﻿暂无数据,﻿暂无数据,﻿暂无数据,﻿暂无数据,﻿暂无数据,﻿暂无数据,﻿暂无数据,﻿暂无数据,3,16
﻿县西新村,"﻿玉山-老城区-亭林路,近西塘街",﻿120.955121,﻿31.385942,﻿30882,﻿暂无数据,﻿暂无数据,﻿暂无数据,﻿暂无数据,﻿暂无数据,﻿暂无数据,﻿暂无数据,﻿暂无数据,﻿暂无数据,﻿暂无数据,0,0
﻿康乐公寓,﻿周市-周市-海鹏路,﻿120.999345,﻿31.458077,﻿9347,﻿暂无数据,﻿0.00元/㎡/月,﻿暂无数据,﻿暂无数据,﻿暂无数据,﻿暂无数据,﻿暂无数据,﻿暂无数据,﻿暂无数据,﻿暂无数据,0,0
﻿阳澄溢景苑,﻿巴城-阳澄湖-湖滨南路,﻿120.851948,﻿31.453871,﻿20556,﻿暂无数据,﻿2.35元/㎡/月,﻿暂无数据,﻿暂无数据,﻿2013年,﻿暂无数据,﻿0.8,﻿56%(高),﻿暂无数据,﻿新城物业管理有限公司,0,89
﻿桂花园南区,﻿周庄-周庄-全功路,﻿120.847066,﻿31.116113,﻿6666,﻿暂无数据,﻿0.00元/㎡/月,﻿暂无数据,﻿暂无数据,﻿暂无数据,﻿暂无数据,﻿1.68,﻿35%(一般),﻿常熟市碧桂园房地产开发有限公司,﻿小区自治,0,0
﻿翡翠名都(商住楼),"﻿玉山-老城区-合兴路,近长江南路",﻿120.979773,﻿31.365254,﻿12983,﻿暂无数据,﻿2.00元/㎡/月,﻿暂无数据,﻿暂无数据,﻿暂无数据,﻿暂无数据,﻿3.4,﻿31%(一般),﻿昆山市紫金花置业有限公司,﻿昆山开泰物业有限公司,23,38
﻿合生颐廷(别墅),﻿周市-周市-迎周路88号,﻿120.987009,﻿31.459762,﻿13548,﻿暂无数据,﻿0.00元/㎡/月,﻿暂无数据,﻿暂无数据,﻿暂无数据,﻿暂无数据,﻿暂无数据,﻿暂无数据,﻿暂无数据,﻿暂无数据,0,0
﻿合生国际花园(别墅),﻿周市-周市-迎周路99号,﻿120.987420,﻿31.459040,﻿14126,﻿暂无数据,﻿0.00元/㎡/月,﻿暂无数据,﻿暂无数据,﻿暂无数据,﻿暂无数据,﻿暂无数据,﻿暂无数据,﻿暂无数据,﻿暂无数据,0,49
﻿绿地卡米小城(商住楼),﻿花桥-赛格电子城-外青松公路988号,﻿121.143029,﻿31.305060,﻿12174,﻿暂无数据,﻿1.70元/㎡/月,﻿暂无数据,﻿暂无数据,﻿2014年,﻿暂无数据,﻿2,﻿40%(高),﻿昆山雅苑商业发展有限公司,﻿上海绿地物业服务有限公司,14,78
﻿万仁弄,﻿玉山-老城区-横街与县后街交接,﻿120.956178,﻿31.384450,﻿29000,﻿普通住宅,﻿暂无数据,﻿13000m²,﻿520户,﻿暂无数据,﻿暂无数据,﻿暂无数据,﻿暂无数据,﻿暂无数据,﻿暂无数据,0,0
﻿中欣大厦,﻿玉山-城北-五联路,﻿120.942335,﻿31.437867,﻿6500,﻿暂无数据,﻿0.00元/㎡/月,﻿暂无数据,﻿暂无数据,﻿2002年,﻿暂无数据,﻿1.59,﻿36%(一般),﻿苏州中欣建设发展有限公司,﻿苏州市苏房物业管理有限公司,0,0
﻿富贵园,﻿周庄-周庄-周庄,﻿120.980737,﻿31.385598,﻿14516,﻿普通住宅,﻿2.5元/平米/月,﻿98120m²,﻿652户,﻿2011年,﻿652,﻿1.4,﻿25%(一般),﻿昆山富贵开发有限公司,﻿富贵物业,0,0
﻿同心新村,"﻿玉山-城北-花园路,近柏庐北路",﻿120.964672,﻿31.398275,﻿11175,﻿暂无数据,﻿1.00元/㎡/月,﻿暂无数据,﻿暂无数据,﻿暂无数据,﻿暂无数据,﻿1,﻿30%(一般),﻿昆山城市建设投资发展有限公司,﻿暂无数据,0,0
﻿橘色生香,﻿周市-昆山商厦-昆太路468号,﻿120.991700,﻿31.393730,﻿12000,﻿暂无数据,﻿1.00元/㎡/月,﻿暂无数据,﻿暂无数据,﻿2005年,﻿暂无数据,﻿1.69,﻿41%(高),﻿昆山市中楠房地产开发有限公司,﻿昆山中楠房地产开发有限公司,0,0
﻿国润溪香米兰,﻿周市-客运北站-横长泾路888号,﻿120.978820,﻿31.422659,﻿15761,﻿暂无数据,﻿1.20元/㎡/月,﻿暂无数据,﻿暂无数据,﻿2018年,﻿暂无数据,﻿1.3,﻿40%(高),﻿昆山国润房产开发有限公司,﻿百强物业有限公司,7,200
﻿创业居乐家园,﻿周市-客运北站-润发路38号,﻿120.997341,﻿31.422847,﻿8906,﻿暂无数据,﻿0.00元/㎡/月,﻿暂无数据,﻿暂无数据,﻿暂无数据,﻿暂无数据,﻿暂无数据,﻿30%(一般),﻿暂无数据,﻿暂无数据,0,0
﻿万科海上传奇,﻿锦溪-锦溪-同周公路99号,﻿120.876407,﻿31.153547,﻿16202,﻿暂无数据,﻿3.40元/㎡/月,﻿暂无数据,﻿暂无数据,﻿2018年,﻿暂无数据,﻿2,﻿40%(高),﻿昆山长泰置业有限公司,﻿江苏苏南万科物业服务有限公司,0,146
﻿银宏新邨,﻿锦溪-锦溪-邵泉街,﻿120.902497,﻿31.180061,﻿9361,﻿暂无数据,﻿0.00元/㎡/月,﻿暂无数据,﻿暂无数据,﻿暂无数据,﻿暂无数据,﻿暂无数据,﻿暂无数据,﻿暂无数据,﻿暂无数据,0,0
﻿富贵广场,﻿淀山湖-淀山湖-曙光路,﻿121.036553,﻿31.176568,﻿12856,﻿暂无数据,﻿0.00元/㎡/月,﻿35000m²,﻿326户,﻿暂无数据,﻿地上停车位,﻿暂无数据,﻿暂无数据,﻿暂无数据,﻿昆山志远物业,0,1
﻿江南春堤一期(别墅),﻿张浦-江南春堤-振新东路,﻿120.958128,﻿31.313011,﻿13262,﻿暂无数据,﻿0.00元/㎡/月,﻿暂无数据,﻿暂无数据,﻿暂无数据,﻿暂无数据,﻿暂无数据,﻿暂无数据,﻿暂无数据,﻿暂无数据,0,30
﻿光华时代蓝钻,﻿花桥-花桥新城-绿地大道1325号,﻿121.090920,﻿31.292030,﻿8595,﻿暂无数据,﻿3.80元/㎡/月,﻿暂无数据,﻿暂无数据,﻿2013年,﻿暂无数据,﻿3,﻿35%(一般),﻿苏州市置业有限公司昆山分公司,﻿苏州佳友物业,1,19
﻿棕榈湾(别墅),﻿花桥-花桥新城-绿地大道1339号,﻿121.080720,﻿31.292950,﻿22916,﻿暂无数据,﻿0.00元/㎡/月,﻿暂无数据,﻿暂无数据,﻿暂无数据,﻿暂无数据,﻿暂无数据,﻿暂无数据,﻿暂无数据,﻿暂无数据,8,10
﻿嘉宝梦之城(别墅),﻿花桥-花桥新城-金捷路86号,﻿121.061360,﻿31.294728,﻿24809,﻿暂无数据,﻿0.00元/㎡/月,﻿暂无数据,﻿暂无数据,﻿暂无数据,﻿暂无数据,﻿暂无数据,﻿暂无数据,﻿暂无数据,﻿暂无数据,4,6
﻿中城花园玉兰苑,﻿花桥-赛格电子城-曹浦路,﻿121.136620,﻿31.291724,﻿16734,﻿暂无数据,﻿2.00元/㎡/月,﻿暂无数据,﻿暂无数据,﻿2013年,﻿暂无数据,﻿1.5,﻿40%(高),﻿昆山融信恺庭房地产开发有限公司,﻿嘉正物业,1,10
﻿张浦裕花园(公寓),﻿张浦-张浦-锦上路,﻿120.925537,﻿31.283862,﻿13251,﻿暂无数据,﻿1.90元/㎡/月,﻿400000m²,﻿暂无数据,﻿2015年,﻿车位数量1612,﻿2,﻿41%(高),﻿昆山张浦建滔置业有限公司,﻿昆山国瑞置业有限公司,73,1115
﻿星海一城里,﻿玉山-城东-新华西路与204国道交汇处,﻿121.095356,﻿31.441657,﻿7600,﻿普通住宅,﻿暂无数据,﻿暂无数据,﻿暂无数据,﻿暂无数据,﻿暂无数据,﻿暂无数据,﻿暂无数据,﻿暂无数据,﻿暂无数据,0,0
﻿衫欣小区,﻿玉山-老城区-同丰路与杉欣路交叉,﻿120.983016,﻿31.387354,﻿13000,﻿普通住宅,﻿0.8元/平米/月,﻿250000m²,﻿700户,﻿2004年,﻿700,﻿1.22,﻿40%(高),﻿杉欣房产,﻿暂无数据,0,0
﻿中大简介,﻿玉山-城东-昆山市同丰路与樾河路路口,﻿121.001700,﻿31.381157,﻿19172,﻿暂无数据,﻿1.80元/平米·月,﻿暂无数据,﻿暂无数据,﻿暂无数据,﻿暂无数据,﻿暂无数据,﻿暂无数据,﻿暂无数据,﻿暂无数据,0,0
﻿长江南路厂房,﻿玉山-城南-长江南路金蝶路88号,﻿120.971870,﻿31.331280,﻿18259,﻿暂无数据,﻿暂无数据,﻿暂无数据,﻿暂无数据,﻿暂无数据,﻿暂无数据,﻿暂无数据,﻿暂无数据,﻿暂无数据,﻿暂无数据,0,0
﻿浣花新村,﻿玉山-城东-蓬莱路,﻿121.081758,﻿31.377257,﻿8607,﻿暂无数据,﻿1.20元/㎡/月,﻿暂无数据,﻿暂无数据,﻿暂无数据,﻿暂无数据,﻿1.3,﻿30%(一般),﻿暂无数据,﻿暂无数据,0,0
﻿茶风街112号小区,﻿张浦-张浦-茶风街112号,﻿120.949315,﻿31.286813,﻿8254,﻿暂无数据,﻿0.00元/㎡/月,﻿暂无数据,﻿暂无数据,﻿暂无数据,﻿暂无数据,﻿暂无数据,﻿暂无数据,﻿暂无数据,﻿暂无数据,0,0
﻿浦西街20号小区,﻿张浦-张浦-浦西街20号,﻿120.945367,﻿31.285188,﻿7790,﻿暂无数据,﻿0.00元/㎡/月,﻿暂无数据,﻿暂无数据,﻿暂无数据,﻿暂无数据,﻿暂无数据,﻿暂无数据,﻿暂无数据,﻿暂无数据,0,0
﻿心泊紫竹苑,﻿张浦-张浦-新医路,﻿120.980737,﻿31.385598,﻿11637,﻿暂无数据,﻿0.00元/㎡/月,﻿暂无数据,﻿暂无数据,﻿暂无数据,﻿暂无数据,﻿暂无数据,﻿暂无数据,﻿暂无数据,﻿暂无数据,13,43
﻿心泊桃花苑,﻿张浦-张浦-翰林路,﻿120.931882,﻿31.274144,﻿11594,﻿暂无数据,﻿0.00元/㎡/月,﻿暂无数据,﻿暂无数据,﻿暂无数据,﻿暂无数据,﻿暂无数据,﻿暂无数据,﻿暂无数据,﻿暂无数据,6,14
﻿枫情佳苑(B区),﻿张浦-张浦-商秧路,﻿120.944754,﻿31.272208,﻿10074,﻿暂无数据,﻿0.80元/㎡/月,﻿暂无数据,﻿暂无数据,﻿2007年,﻿暂无数据,﻿1.9,﻿34%(一般),﻿江苏长顺地产公司,﻿昆山市天合物业管理有限公司,0,0
﻿茶风街9号小区,﻿张浦-张浦-茶风街9号,﻿120.945615,﻿31.286549,﻿10103,﻿暂无数据,﻿0.00元/㎡/月,﻿暂无数据,﻿暂无数据,﻿暂无数据,﻿暂无数据,﻿暂无数据,﻿暂无数据,﻿暂无数据,﻿暂无数据,0,0
﻿宝岛别墅(公寓),﻿玉山-城北-水秀路,﻿120.943335,﻿31.416565,﻿15800,﻿暂无数据,﻿0.00元/㎡/月,﻿暂无数据,﻿暂无数据,﻿暂无数据,﻿暂无数据,﻿暂无数据,﻿暂无数据,﻿暂无数据,﻿暂无数据,0,1
﻿浦西街18号小区,﻿张浦-张浦-浦西街18号,﻿120.945224,﻿31.285116,﻿8000,﻿暂无数据,﻿0.00元/㎡/月,﻿暂无数据,﻿暂无数据,﻿暂无数据,﻿暂无数据,﻿暂无数据,﻿暂无数据,﻿暂无数据,﻿暂无数据,0,0
﻿浦东街40号小区,﻿张浦-张浦-浦东街40号,﻿120.944916,﻿31.286789,﻿8000,﻿暂无数据,﻿0.00元/㎡/月,﻿暂无数据,﻿暂无数据,﻿暂无数据,﻿暂无数据,﻿暂无数据,﻿暂无数据,﻿暂无数据,﻿暂无数据,0,0
﻿哥伦国际,﻿花桥-易买得-光明路398号,﻿121.110317,﻿31.298744,﻿11118,﻿暂无数据,﻿4.50元/㎡/月,﻿暂无数据,﻿暂无数据,﻿2014年,﻿暂无数据,﻿3,﻿35%(一般),﻿江苏哥伦投资有限公司,﻿江苏哥伦物业,3,36
﻿同城浦江中心,﻿花桥-易买得-纬一路38号,﻿121.119990,﻿31.291374,﻿16038,﻿暂无数据,﻿3.50元/㎡/月,﻿暂无数据,﻿暂无数据,﻿暂无数据,﻿暂无数据,﻿1.8,﻿30%(一般),﻿宁沪置业（昆山）有限公司,﻿宁沪置业（昆山）有限公司,0,6
﻿阿里巴巴电子商务大厦,﻿花桥-赛格电子城-昆山市花桥镇曹安公路与曹新路交汇处,﻿121.147887,﻿31.289724,﻿8620,﻿公寓,﻿4元,﻿187209m²,﻿576户,﻿2012年,﻿940,﻿3.5,﻿30%(一般),﻿江苏美通投资有限公司,﻿上海上房物业,0,0
﻿恒源广场,﻿张浦-张浦-茶风街,﻿120.951719,﻿31.286702,﻿10310,﻿暂无数据,﻿0.50元/㎡/月,﻿暂无数据,﻿暂无数据,﻿2009年,﻿暂无数据,﻿1.4,﻿40%(高),﻿昆山恒源房地产开发有限公司,﻿上海建科物业管理有限公司,6,36
﻿绿地启航社(河西),﻿花桥-易买得-绿地大道259号,﻿121.126953,﻿31.282551,﻿17759,﻿暂无数据,﻿1.30元/㎡/月,﻿暂无数据,﻿暂无数据,﻿2008年,﻿暂无数据,﻿1.6,﻿35%(一般),﻿上海绿地集团（昆山）置业有限公司,﻿上海绿地物业服务有限公司,78,123
﻿中茵国际商务花园,﻿花桥-易买得-徐公桥路2号,﻿121.124085,﻿31.288293,﻿8271,﻿暂无数据,﻿0.00元/㎡/月,﻿暂无数据,﻿暂无数据,﻿暂无数据,﻿暂无数据,﻿暂无数据,﻿暂无数据,﻿暂无数据,﻿暂无数据,0,0
﻿汇金大厦IHOME,﻿花桥-易买得-徐公桥路,﻿121.125795,﻿31.285371,﻿10833,﻿暂无数据,﻿0.00元/㎡/月,﻿暂无数据,﻿暂无数据,﻿暂无数据,﻿暂无数据,﻿暂无数据,﻿暂无数据,﻿暂无数据,﻿暂无数据,12,0
﻿现代农艺小区,﻿张浦-张浦-海虹路,﻿120.939421,﻿31.278173,﻿8000,﻿暂无数据,﻿0.00元/㎡/月,﻿暂无数据,﻿暂无数据,﻿暂无数据,﻿暂无数据,﻿暂无数据,﻿暂无数据,﻿暂无数据,﻿暂无数据,0,0
﻿赢座,﻿张浦-张浦-商秧路,﻿120.944754,﻿31.272208,﻿6500,﻿暂无数据,﻿1.00元/㎡/月,﻿暂无数据,﻿暂无数据,﻿2008年,﻿暂无数据,﻿1.28,﻿32%(一般),﻿昆山市兴华房产发展有限公司,﻿赢座,0,0
﻿新吴公寓,﻿张浦-张浦-新吴街28号,﻿120.947140,﻿31.284882,﻿9911,﻿暂无数据,﻿0.80元/㎡/月,﻿暂无数据,﻿暂无数据,﻿暂无数据,﻿暂无数据,﻿暂无数据,﻿暂无数据,﻿北京新城兴业房地产开发有限公司,﻿暂无数据,0,2
﻿心泊家园,﻿张浦-张浦-京东路,﻿120.935414,﻿31.289307,﻿10425,﻿暂无数据,﻿0.50元/㎡/月,﻿暂无数据,﻿暂无数据,﻿2013年,﻿暂无数据,﻿暂无数据,﻿36%(一般),﻿昆山瑞成房地产开发有限公司,﻿暂无数据,0,0
﻿假日半岛,﻿周庄-周庄-全功路,﻿120.847066,﻿31.116113,﻿15312,﻿暂无数据,﻿1.70元/㎡/月,﻿暂无数据,﻿暂无数据,﻿2012年,﻿暂无数据,﻿0.8,﻿40%(高),﻿昆山假日置业有限公司,﻿昆山市万润物业管理有限公司,0,50
﻿球场里,﻿周庄-周庄-全福路,﻿120.847931,﻿31.113688,﻿7177,﻿暂无数据,﻿0.00元/㎡/月,﻿暂无数据,﻿暂无数据,﻿暂无数据,﻿暂无数据,﻿暂无数据,﻿暂无数据,﻿暂无数据,﻿暂无数据,0,4
﻿宝领家园,﻿玉山-城南-宝领路51号,﻿120.961104,﻿31.360986,﻿15294,﻿暂无数据,﻿暂无数据,﻿暂无数据,﻿暂无数据,﻿2006年,﻿地面停车位、地下停车库,﻿2,﻿36%(一般),﻿暂无数据,﻿暂无数据,0,0
﻿升扬公寓,﻿玉山-城西-鹿城路358号,﻿120.928612,﻿31.391388,﻿10387,﻿暂无数据,﻿0.00元/㎡/月,﻿暂无数据,﻿暂无数据,﻿暂无数据,﻿暂无数据,﻿暂无数据,﻿暂无数据,﻿暂无数据,﻿暂无数据,0,0
﻿鹿澄天地,﻿巴城-阳澄湖-民权路,﻿120.851948,﻿31.453871,﻿27760,﻿暂无数据,﻿2.50元/㎡/月,﻿暂无数据,﻿暂无数据,﻿2004年,﻿暂无数据,﻿0.3,﻿70%(高),﻿江苏爱涛物业,﻿江苏爱涛物业管理服务有限公司,0,0
﻿林湖别墅,﻿巴城-阳澄湖-民权路18号,﻿120.851948,﻿31.453871,﻿30935,﻿暂无数据,﻿3.00元/㎡/月,﻿暂无数据,﻿暂无数据,﻿2009年,﻿暂无数据,﻿0.2,﻿75%(高),﻿昆山良元房地产开发有限公司,﻿江苏艾涛物业管理有限公司,0,0
﻿观湖壹号,﻿玉山-城西-萧林西路,﻿120.922935,﻿31.405896,﻿29856,﻿暂无数据,﻿2.20元/㎡/月,﻿暂无数据,﻿暂无数据,﻿2006年,﻿暂无数据,﻿2.5,﻿40%(高),﻿昆山鹿同置业有限公司,﻿江苏天合物业,87,810
﻿昆山华美达湖滨别墅,﻿巴城-阳澄湖-湖滨南路,﻿120.851948,﻿31.453871,﻿19612,﻿暂无数据,﻿0.00元/㎡/月,﻿暂无数据,﻿暂无数据,﻿暂无数据,﻿暂无数据,﻿暂无数据,﻿暂无数据,﻿暂无数据,﻿暂无数据,0,0
﻿克拉水城,﻿巴城-阳澄湖-民权路,﻿120.851948,﻿31.453871,﻿33846,﻿暂无数据,﻿2.20元/㎡/月,﻿暂无数据,﻿暂无数据,﻿2007年,﻿暂无数据,﻿0.29,﻿71%(高),﻿昆山海之舟房地产开发有限公司,﻿南京爱涛物业管理服务有限公司,0,0
﻿康桥小区,﻿巴城-阳澄湖-湖滨北路,﻿120.848777,﻿31.462100,﻿6842,﻿暂无数据,﻿0.80元/㎡/月,﻿暂无数据,﻿暂无数据,﻿暂无数据,﻿暂无数据,﻿1.6,﻿38%(一般),﻿苏州新创建设发展有限公司,﻿暂无数据,0,0
﻿锦绣蓝湾,﻿巴城-阳澄湖-马鞍山西路3555号,﻿112.529716,﻿37.971531,﻿20634,﻿暂无数据,﻿2.00元/㎡/月,﻿暂无数据,﻿暂无数据,﻿2006年,﻿暂无数据,﻿1.8,﻿46%(高),﻿昆山锦绣蓝湾置业有限公司,﻿中远物业,0,0
﻿金色假日,﻿巴城-阳澄湖-湖滨中路,﻿120.849359,﻿31.458321,﻿7254,﻿暂无数据,﻿0.50元/㎡/月,﻿暂无数据,﻿暂无数据,﻿2005年,﻿暂无数据,﻿2.5,﻿35%(一般),﻿昆山市城市建设综合开发总公司,﻿昆山恒通物业管理有限公司,0,0
﻿檀香园,﻿巴城-阳澄湖-环湖路,﻿120.841365,﻿31.469498,﻿27765,﻿暂无数据,﻿2.50元/㎡/月,﻿暂无数据,﻿暂无数据,﻿2013年,﻿暂无数据,﻿0.38,﻿70%(高),﻿苏州长德置业有限公司,﻿深圳市福田物业发展有限公司,0,0
﻿泰泓花园,﻿巴城-阳澄湖-马鞍山路,﻿120.851948,﻿31.453871,﻿30898,﻿暂无数据,﻿2.00元/㎡/月,﻿暂无数据,﻿暂无数据,﻿2012年,﻿暂无数据,﻿0.35,﻿50%(高),﻿苏州泰泓房产,﻿苏州百诚物业管理有限公司,0,0
﻿金湖银滩(别墅),﻿巴城-阳澄湖-锦绣东路1号,﻿120.851948,﻿31.453871,﻿17115,﻿暂无数据,﻿0.00元/㎡/月,﻿暂无数据,﻿暂无数据,﻿暂无数据,﻿暂无数据,﻿暂无数据,﻿暂无数据,﻿暂无数据,﻿暂无数据,0,97
﻿南城雅苑,﻿玉山-城东-文化路和子冈路交汇处,﻿120.980737,﻿31.385598,﻿6941,﻿暂无数据,﻿暂无数据,﻿暂无数据,﻿暂无数据,﻿暂无数据,﻿暂无数据,﻿暂无数据,﻿暂无数据,﻿暂无数据,﻿暂无数据,0,0
﻿人民南路65号小区,﻿玉山-老城区-人民南路65号,﻿120.958351,﻿31.369993,﻿23786,﻿暂无数据,﻿0.00元/㎡/月,﻿暂无数据,﻿暂无数据,﻿暂无数据,﻿暂无数据,﻿暂无数据,﻿暂无数据,﻿昆山城建发展有限责任公司,﻿小区自治,1,4
﻿杨巷新村,﻿张浦-江南春堤-永记路,﻿120.958128,﻿31.313011,﻿11708,﻿暂无数据,﻿0.00元/㎡/月,﻿85416m²,﻿6000户,﻿暂无数据,﻿地上停车位279个,﻿暂无数据,﻿暂无数据,﻿暂无数据,﻿业主自营,8,127
﻿锦溪镇风景区沿河独栋,﻿锦溪-锦溪-下塘街68号,﻿120.589659,﻿30.971238,﻿10467,﻿暂无数据,﻿暂无数据,﻿暂无数据,﻿暂无数据,﻿暂无数据,﻿暂无数据,﻿暂无数据,﻿暂无数据,﻿暂无数据,﻿暂无数据,0,0
﻿夏驾园荣苑,﻿玉山-城东-泯江路，近澄湖路,﻿121.047726,﻿31.400080,﻿13773,﻿暂无数据,﻿1.50元/㎡/月,﻿暂无数据,﻿暂无数据,﻿2008年,﻿暂无数据,﻿1.2,﻿40%(高),﻿江苏新城房产股份公司,﻿百强物业有限公司,5,106
﻿焕新小区,﻿玉山-城北-昆北路与迎宾路交界处,﻿120.973499,﻿31.456387,﻿9090,﻿暂无数据,﻿暂无数据,﻿暂无数据,﻿暂无数据,﻿暂无数据,﻿暂无数据,﻿暂无数据,﻿暂无数据,﻿暂无数据,﻿暂无数据,0,0
﻿淀辉新村,﻿淀山湖-淀山湖-淀辉路，近中市路,﻿121.026299,﻿31.177302,﻿11363,﻿暂无数据,﻿0.00元/㎡/月,﻿暂无数据,﻿暂无数据,﻿暂无数据,﻿暂无数据,﻿暂无数据,﻿暂无数据,﻿暂无数据,﻿暂无数据,0,0
﻿福侬庄园(南区),"﻿淀山湖-淀山湖-新华路,近东苑路",﻿121.044966,﻿31.177055,﻿15341,﻿暂无数据,﻿0.00元/㎡/月,﻿暂无数据,﻿暂无数据,﻿暂无数据,﻿暂无数据,﻿暂无数据,﻿暂无数据,﻿暂无数据,﻿暂无数据,9,20
﻿东湖绿苑,﻿淀山湖-淀山湖-中市路195号,﻿121.026957,﻿31.176213,﻿13741,﻿暂无数据,﻿0.00元/㎡/月,﻿暂无数据,﻿暂无数据,﻿暂无数据,﻿暂无数据,﻿暂无数据,﻿暂无数据,﻿昆山东湖房屋开发有限责任公司,﻿暂无数据,4,0
﻿东湖绿苑(别墅),﻿淀山湖-淀山湖-中市路195号,﻿121.026957,﻿31.176213,﻿14612,﻿暂无数据,﻿0.00元/㎡/月,﻿暂无数据,﻿暂无数据,﻿暂无数据,﻿暂无数据,﻿暂无数据,﻿暂无数据,﻿暂无数据,﻿暂无数据,0,0
﻿晟泰农民新村,﻿淀山湖-淀山湖-淀兴路888号,﻿121.019340,﻿31.183784,﻿12945,﻿暂无数据,﻿0.50元/㎡/月,﻿暂无数据,﻿暂无数据,﻿2007年,﻿暂无数据,﻿暂无数据,﻿暂无数据,﻿盛泰房地产有限责任公司,﻿南通盛泰物业公司,0,3
﻿乐苑淀山湖花园,﻿淀山湖-淀山湖-永利路,﻿121.012238,﻿31.168716,﻿14122,﻿暂无数据,﻿0.60元/㎡/月,﻿暂无数据,﻿暂无数据,﻿2010年,﻿暂无数据,﻿1.2,﻿暂无数据,﻿淀山湖政府,﻿和之然物业公司,24,80
﻿福兴庄园(别墅),﻿淀山湖-淀山湖-曙光路,﻿121.036553,﻿31.176568,﻿17831,﻿暂无数据,﻿0.00元/㎡/月,﻿暂无数据,﻿暂无数据,﻿暂无数据,﻿暂无数据,﻿暂无数据,﻿暂无数据,﻿暂无数据,﻿暂无数据,1,12
﻿城际景苑,﻿巴城-正仪-君子亭东路,﻿120.858991,﻿31.372101,﻿14857,﻿暂无数据,﻿1.20元/㎡/月,﻿暂无数据,﻿暂无数据,﻿2015年,﻿暂无数据,﻿1.54,﻿40%(高),﻿昆山阳澄湖房产有限责任公司,﻿资安顺物业管理有限公司,2,86
﻿曙光路66号小区,﻿淀山湖-淀山湖-曙光路66号,﻿121.036553,﻿31.176568,﻿11101,﻿暂无数据,﻿1.00元/㎡/月,﻿暂无数据,﻿暂无数据,﻿暂无数据,﻿暂无数据,﻿暂无数据,﻿暂无数据,﻿江苏山河置业有限公司,﻿江苏山河置业有限公司,0,0
﻿淀湖鹿鸣九里(商住楼),﻿淀山湖-淀山湖-万园路66号,﻿120.995760,﻿31.156835,﻿13806,﻿暂无数据,﻿1.90元/㎡/月,﻿暂无数据,﻿暂无数据,﻿暂无数据,﻿暂无数据,﻿1.18,﻿35%(一般),﻿昆山鹿鸣置业有限公司,﻿广东中奥物业管理有限公司,1,12
﻿淀山湖上海岛庄园,﻿锦溪-锦溪-锦商公路,﻿120.926877,﻿31.173365,﻿23076,﻿暂无数据,﻿0.00元/㎡/月,﻿暂无数据,﻿暂无数据,﻿暂无数据,﻿暂无数据,﻿0.39,﻿暂无数据,﻿暂无数据,﻿暂无数据,0,2
﻿美吉特工业博览城住宅,﻿陆家-陆家-昆山市陆家镇进阳东路,﻿120.980737,﻿31.385598,﻿10526,﻿暂无数据,﻿暂无数据,﻿暂无数据,﻿暂无数据,﻿暂无数据,﻿暂无数据,﻿暂无数据,﻿暂无数据,﻿暂无数据,﻿暂无数据,0,0
﻿邑品庄园,﻿巴城-巴城-巴城镇城北西路3088号,﻿120.864010,﻿31.433195,﻿20467,﻿暂无数据,﻿暂无数据,﻿暂无数据,﻿暂无数据,﻿暂无数据,﻿暂无数据,﻿暂无数据,﻿暂无数据,﻿暂无数据,﻿暂无数据,0,0
﻿嘉兴苑,﻿玉山-城北-北门路1209号,﻿120.951104,﻿31.418933,﻿16536,﻿暂无数据,﻿0.80元/㎡/月,﻿32541m²,﻿320户,﻿2006年,﻿地上停车位,﻿2.3,﻿20%(一般),﻿嘉兴房产,﻿小区自治,8,67
﻿明诚大厦,﻿周市-周市-黄浦江北路209号,﻿121.010775,﻿31.413109,﻿17112,﻿暂无数据,﻿0.00元/㎡/月,﻿暂无数据,﻿暂无数据,﻿暂无数据,﻿暂无数据,﻿暂无数据,﻿暂无数据,﻿暂无数据,﻿暂无数据,0,0
﻿鑫河湾,"﻿锦溪-锦溪-锦发南路,近长寿东路",﻿120.918124,﻿31.174618,﻿12870,﻿暂无数据,﻿1.80元/㎡/月,﻿160000m²,﻿1445户,﻿2015年,﻿1200,﻿1.5,﻿35%(一般),﻿昆山鑫和源置业有限公司,﻿苏州桂花园林物业,23,195
﻿昆山仕泰隆国际,﻿陆家-陆家-昆山市陆家镇312国道旁（与花桥交汇处）,﻿120.887522,﻿31.340331,﻿9180,﻿暂无数据,﻿暂无数据,﻿暂无数据,﻿暂无数据,﻿暂无数据,﻿暂无数据,﻿暂无数据,﻿暂无数据,﻿暂无数据,﻿暂无数据,0,0
﻿天竺小区,﻿锦溪-锦溪-文昌路4号,﻿120.901950,﻿31.172695,﻿10380,﻿暂无数据,﻿1.50元/㎡/月,﻿64350m²,﻿742户,﻿暂无数据,﻿暂无数据,﻿暂无数据,﻿暂无数据,﻿昆山城建发展有限责任公司,﻿小区自治,2,19
﻿神州通城西印象,"﻿巴城-巴城-祖冲之中路,近景新路",﻿120.884848,﻿31.452469,﻿14161,﻿暂无数据,﻿1.80元/㎡/月,﻿380000m²,﻿2691户,﻿暂无数据,﻿2451,﻿2.3,﻿40%(高),﻿昆山创和置业有限公司,﻿金侨物业,9,146
﻿虹桥佳苑,﻿玉山-城西-万步路505号,﻿120.922928,﻿31.389951,﻿24774,﻿暂无数据,﻿1.50元/㎡/月,﻿暂无数据,﻿暂无数据,﻿暂无数据,﻿暂无数据,﻿2.18,﻿40%(高),﻿暂无数据,﻿昆山市临丰房产开发有限公司,8,40
﻿盛大花苑,﻿玉山-城东-致和塘西路与长春南路交汇处,﻿126.040592,﻿44.373520,﻿7894,﻿暂无数据,﻿暂无数据,﻿暂无数据,﻿暂无数据,﻿暂无数